INSERT INTO public."Organization" (id, name, slug, niche, "monthlyRevenue", "employeeCount", plan, "planExpiresAt", "createdAt", "updatedAt", "stripeCustomerId", "stripeSubscriptionId", "trialEndsAt", cnpj, "deletedAt", "financePinAttempts", "financePinHash", "financePinLockedUntil", "lastWeeklySummaryAt") VALUES ('cmmku48x800049vi0rnikvoz6', 'Açai Express', 'a-ai-express', 'restaurant', NULL, NULL, 'premium', NULL, '2026-03-10 16:38:51.69', '2026-03-10 16:55:21.016', NULL, NULL, NULL, '40.123.847/0001-88', '2026-03-10 16:55:21.015', 0, NULL, NULL, NULL);
INSERT INTO public."Organization" (id, name, slug, niche, "monthlyRevenue", "employeeCount", plan, "planExpiresAt", "createdAt", "updatedAt", "stripeCustomerId", "stripeSubscriptionId", "trialEndsAt", cnpj, "deletedAt", "financePinAttempts", "financePinHash", "financePinLockedUntil", "lastWeeklySummaryAt") VALUES ('cmmjeav6t00011bi0zah3ho6s', 'Lucro Oculto (Demo)', 'lucro-oculto-admin', 'Tecnologia / SaaS', 85000.00, 12, 'admin', NULL, '2026-03-09 16:28:20.453', '2026-03-09 16:28:20.453', NULL, NULL, NULL, NULL, NULL, 0, 'test', NULL, NULL);
INSERT INTO public."Organization" (id, name, slug, niche, "monthlyRevenue", "employeeCount", plan, "planExpiresAt", "createdAt", "updatedAt", "stripeCustomerId", "stripeSubscriptionId", "trialEndsAt", cnpj, "deletedAt", "financePinAttempts", "financePinHash", "financePinLockedUntil", "lastWeeklySummaryAt") VALUES ('cmmjqq83c0001yti0lvehul60', '40.123.847 SIMONE DAS GRACAS DA SILVA', '40123847-simone-das-gracas-da-silva', 'restaurant', NULL, NULL, 'pro', NULL, '2026-03-09 22:16:12.408', '2026-03-11 03:39:48.035', NULL, NULL, '2026-03-16 22:16:12.401', '40123847000188', NULL, 0, 'testhash', NULL, NULL);
INSERT INTO public."Organization" (id, name, slug, niche, "monthlyRevenue", "employeeCount", plan, "planExpiresAt", "createdAt", "updatedAt", "stripeCustomerId", "stripeSubscriptionId", "trialEndsAt", cnpj, "deletedAt", "financePinAttempts", "financePinHash", "financePinLockedUntil", "lastWeeklySummaryAt") VALUES ('cmmktxl4b0001vwi0k66j58j6', 'Empresa Premium Teste', 'empresa-premium-teste', 'Tecnologia', NULL, NULL, 'premium', NULL, '2026-03-10 16:33:40.903', '2026-03-11 03:46:17.643', NULL, NULL, NULL, NULL, NULL, 0, '$2b$12$nEQcem.bOkHsGXZ/nmLj5u45w6PpkE8w2CTpMHj8ktORVreQQvQH.', NULL, NULL);
INSERT INTO public."User" (id, email, name, "passwordHash", "emailVerified", image, "createdAt", "updatedAt", "notificationPrefs", "preferredOrganizationId", "orgCooldownUntil", "isInvitedUser") VALUES ('cmmjeav4m00001bi0nwlahgh8', 'admin@lucro-oculto.com', 'Admin Sistema', '$2b$12$ENJl6APp3nbi6kRWcQIC0OV53gA1DrsK9gKzU4rrG9aMxJnj2Kqi2', NULL, NULL, '2026-03-09 16:28:20.373', '2026-03-09 16:28:20.373', NULL, NULL, NULL, false);
INSERT INTO public."User" (id, email, name, "passwordHash", "emailVerified", image, "createdAt", "updatedAt", "notificationPrefs", "preferredOrganizationId", "orgCooldownUntil", "isInvitedUser") VALUES ('cmmjqq82u0000yti02z31zm9v', 'simone.silva@gmail.com', 'Simone Da Graça Da Silva', '$2b$12$YH8FhFzhnAV9ohbguKOuyeBBKEoCMz8ewgFXVRQzXWa/vwtIzSWsS', NULL, NULL, '2026-03-09 22:16:12.39', '2026-03-09 22:16:12.39', NULL, NULL, NULL, false);
INSERT INTO public."User" (id, email, name, "passwordHash", "emailVerified", image, "createdAt", "updatedAt", "notificationPrefs", "preferredOrganizationId", "orgCooldownUntil", "isInvitedUser") VALUES ('cmmktxl490000vwi0t9va3xrp', 'premium@teste.com', 'Usuário Premium', '$2b$10$iJ9m6Se1haP/OAdNHkd9ZezX4UoAhGen1fGNOY7b9fnR6/KXVaPdO', NULL, NULL, '2026-03-10 16:33:40.903', '2026-03-10 16:54:52.987', NULL, 'cmmktxl4b0001vwi0k66j58j6', NULL, false);
INSERT INTO public."User" (id, email, name, "passwordHash", "emailVerified", image, "createdAt", "updatedAt", "notificationPrefs", "preferredOrganizationId", "orgCooldownUntil", "isInvitedUser") VALUES ('cmmleu3lh00028yi007d5h8mk', 'rafaelturossi.job@gmail.com', 'rafael turossi', '$2b$12$PsVHOYi9ZPfhLlYIK5SpZ.4YWqVygjF9BZLaMT/WMQiUIpVrZ/mb6', NULL, NULL, '2026-03-11 02:18:50.165', '2026-03-11 03:29:43.282', NULL, 'cmmktxl4b0001vwi0k66j58j6', NULL, true);
INSERT INTO public."Upload" (id, "organizationId", "userId", "fileName", "fileUrl", "fileSize", "fileType", status, "rowsCount", "periodStart", "periodEnd", "errorMessage", "createdAt") VALUES ('cmmjeav9s00041bi0aysi7uxa', 'cmmjeav6t00011bi0zah3ho6s', 'cmmjeav4m00001bi0nwlahgh8', 'extrato-demo-q4-2025.csv', 'local://demo', 48200, 'csv', 'done', 312, '2025-10-01 00:00:00', '2025-12-31 00:00:00', NULL, '2026-03-09 16:28:20.56');
INSERT INTO public."Upload" (id, "organizationId", "userId", "fileName", "fileUrl", "fileSize", "fileType", status, "rowsCount", "periodStart", "periodEnd", "errorMessage", "createdAt") VALUES ('cmmmylhfn0000x2i08zeimw3n', 'cmmktxl4b0001vwi0k66j58j6', 'cmmktxl490000vwi0t9va3xrp', 'Extrato-09-02-2026-a-11-03-2026-CSV.csv', 'local://Extrato-09-02-2026-a-11-03-2026-CSV.csv', 6300, 'csv', 'done', 79, '2026-01-03 03:00:00', '2026-12-02 03:00:00', NULL, '2026-03-12 04:19:46.691');
INSERT INTO public."Analysis" (id, "organizationId", "uploadId", status, "periodStart", "periodEnd", "totalExpenses", "totalIncome", "netResult", score, "savingsMin", "savingsMax", summary, "createdAt", "completedAt") VALUES ('cmmjeava600051bi04gsq8xql', 'cmmjeav6t00011bi0zah3ho6s', 'cmmjeav9s00041bi0aysi7uxa', 'done', '2025-10-01 00:00:00', '2025-12-31 00:00:00', 89340.00, 112500.00, 23160.00, 58, 3420.00, 8200.00, '{"topVendors": [{"count": 3, "amount": 6200, "vendor": "Google Ads"}, {"count": 2, "amount": 3800, "vendor": "Aluguel Escritório"}, {"count": 12, "amount": 2800, "vendor": "AWS"}, {"count": 1, "amount": 48000, "vendor": "Folha de Pagamento"}, {"count": 3, "amount": 4100, "vendor": "Meta Ads"}], "monthlyTrend": [{"month": "Out/25", "income": 36200, "expenses": 28400}, {"month": "Nov/25", "income": 38100, "expenses": 30600}, {"month": "Dez/25", "income": 38200, "expenses": 30340}], "categoryBreakdown": [{"amount": 48000, "category": "pessoal", "percentage": 54}, {"amount": 16900, "category": "marketing", "percentage": 19}, {"amount": 10200, "category": "operacional", "percentage": 11}, {"amount": 8340, "category": "ferramentas_software", "percentage": 9}, {"amount": 3900, "category": "financeiro", "percentage": 4}, {"amount": 2000, "category": "outros", "percentage": 3}]}', '2026-03-09 16:28:20.573', '2026-03-09 16:28:20.567');
INSERT INTO public."Analysis" (id, "organizationId", "uploadId", status, "periodStart", "periodEnd", "totalExpenses", "totalIncome", "netResult", score, "savingsMin", "savingsMax", summary, "createdAt", "completedAt") VALUES ('cmmmylhfq0001x2i0qnjk2a74', 'cmmktxl4b0001vwi0k66j58j6', 'cmmmylhfn0000x2i08zeimw3n', 'done', '2026-01-03 03:00:00', '2026-12-02 03:00:00', 2421.49, 2287.61, -133.88, 23, 36.07, 72.13, '{"topVendors": [{"count": 8, "amount": 721.31, "vendor": "No Debito: \"no Estabeleci"}, {"count": 5, "amount": 329.3, "vendor": "Enviado: \"cp :18236120-40123847 Simone Das Gracas "}, {"count": 24, "amount": 263.74, "vendor": "Enviado: \"cp :49931906-suprema Bet"}, {"count": 1, "amount": 156.46, "vendor": "Enviado: \"cp :60701190-ifoodcom Agencia De Restaur"}, {"count": 1, "amount": 142.37, "vendor": "Enviado: \"cp :90400888-rge\""}, {"count": 1, "amount": 133.22, "vendor": "Efetuado: \"dsp Rs Telecomunicacoes"}, {"count": 4, "amount": 114.7, "vendor": "Enviado: \"cp :18236120-ana Paula Da Silva\""}, {"count": 3, "amount": 105.46, "vendor": "Enviado: \"cp :19468242-ifoodcom Agencia De Restaur"}, {"count": 1, "amount": 104.99, "vendor": "Enviado: \"cp :16501555-pet Fort Co"}, {"count": 1, "amount": 72.44, "vendor": "Enviado: \"cp :90400888-cor"}], "monthlyTrend": [{"net": 90, "month": "2026-01", "income": 185, "expenses": 95}, {"net": -29.999999999999886, "month": "2026-02", "income": 924.86, "expenses": 954.8599999999999}, {"net": -39.400000000000006, "month": "2026-03", "income": 54, "expenses": 93.4}, {"net": -20, "month": "2026-05", "income": 0, "expenses": 20}, {"net": 104.49999999999989, "month": "2026-06", "income": 1069, "expenses": 964.5000000000001}, {"net": -105.1, "month": "2026-07", "income": 12.75, "expenses": 117.85}, {"net": 0, "month": "2026-08", "income": 42, "expenses": 42}, {"net": -103.88, "month": "2026-09", "income": 0, "expenses": 103.88}, {"net": -18.3, "month": "2026-10", "income": 0, "expenses": 18.3}, {"net": -11.7, "month": "2026-12", "income": 0, "expenses": 11.7}], "categoryBreakdown": [{"amount": 1461.97, "category": "financeiro", "percentage": 60}, {"amount": 826.3, "category": "fornecedores", "percentage": 34}, {"amount": 133.22, "category": "outros", "percentage": 6}]}', '2026-03-12 04:19:46.694', '2026-03-12 04:19:47.202');
INSERT INTO public."Alert" (id, "organizationId", "analysisId", type, severity, title, message, amount, "isRead", "isDismissed", metadata, "createdAt") VALUES ('cmmjeavbx000h1bi03ecrsise', 'cmmjeav6t00011bi0zah3ho6s', 'cmmjeava600051bi04gsq8xql', 'duplicate_payment', 'critical', 'Pagamento duplicado confirmado', 'Detectamos pagamentos iguais de R$3.800 para "Aluguel Escritório" em datas próximas (dias 3 e 5). Verifique se foi pago em dobro e solicite estorno imediato.', 3800.00, false, false, NULL, '2026-03-09 16:28:20.636');
INSERT INTO public."Alert" (id, "organizationId", "analysisId", type, severity, title, message, amount, "isRead", "isDismissed", metadata, "createdAt") VALUES ('cmmjeavby000i1bi040d1unap', 'cmmjeav6t00011bi0zah3ho6s', 'cmmjeava600051bi04gsq8xql', 'cash_pressure', 'critical', 'Risco de pressão no caixa', 'Com base no padrão atual de receitas e despesas, seu caixa pode entrar em pressão em aproximadamente 45 dias. Revise as despesas imediatamente.', 12400.00, false, false, NULL, '2026-03-09 16:28:20.636');
INSERT INTO public."Alert" (id, "organizationId", "analysisId", type, severity, title, message, amount, "isRead", "isDismissed", metadata, "createdAt") VALUES ('cmmjeavby000j1bi09hn55d1h', 'cmmjeav6t00011bi0zah3ho6s', 'cmmjeava600051bi04gsq8xql', 'cost_spike', 'warning', 'Custo com Marketing cresceu 73%', 'Seus gastos com Marketing aumentaram 73% em relação ao período anterior. Isso representa um custo extra de R$1.240/mês. Verifique se há retorno mensurável.', 1240.00, false, false, NULL, '2026-03-09 16:28:20.636');
INSERT INTO public."Alert" (id, "organizationId", "analysisId", type, severity, title, message, amount, "isRead", "isDismissed", metadata, "createdAt") VALUES ('cmmjeavby000k1bi011vr169g', 'cmmjeav6t00011bi0zah3ho6s', 'cmmjeava600051bi04gsq8xql', 'subscription_overlap', 'warning', 'Ferramentas com funções sobrepostas detectadas', 'Você paga por 3 ferramentas de "email marketing" simultaneamente. Isso gera R$890/mês de custo desnecessário. Consolide em uma só.', 890.00, false, false, NULL, '2026-03-09 16:28:20.636');
INSERT INTO public."Alert" (id, "organizationId", "analysisId", type, severity, title, message, amount, "isRead", "isDismissed", metadata, "createdAt") VALUES ('cmmjeavby000l1bi0dtlr2qqj', 'cmmjeav6t00011bi0zah3ho6s', 'cmmjeava600051bi04gsq8xql', 'vendor_concentration', 'warning', 'Alta dependência do fornecedor "Google Ads"', '42% das suas despesas de marketing vão para um único fornecedor. Isso representa risco de concentração e oportunidade de negociação.', 6200.00, false, false, NULL, '2026-03-09 16:28:20.636');
INSERT INTO public."Alert" (id, "organizationId", "analysisId", type, severity, title, message, amount, "isRead", "isDismissed", metadata, "createdAt") VALUES ('cmmmylhua002ax2i0ynzonz23', 'cmmktxl4b0001vwi0k66j58j6', 'cmmmylhfq0001x2i0qnjk2a74', 'cost_spike', 'warning', 'Custo com Financeiro cresceu 31%', 'Seus gastos com Financeiro aumentaram 31% em relação ao período anterior. Isso representa um custo extra de R$ 8.13/mês.', 8.13, false, false, NULL, '2026-03-12 04:19:47.206');
INSERT INTO public."Alert" (id, "organizationId", "analysisId", type, severity, title, message, amount, "isRead", "isDismissed", metadata, "createdAt") VALUES ('cmmmylhua002bx2i0jcgcyc70', 'cmmktxl4b0001vwi0k66j58j6', 'cmmmylhfq0001x2i0qnjk2a74', 'cost_spike', 'warning', 'Custo com Fornecedores cresceu 39%', 'Seus gastos com Fornecedores aumentaram 39% em relação ao período anterior. Isso representa um custo extra de R$ 30.44/mês.', 30.44, false, false, NULL, '2026-03-12 04:19:47.206');
INSERT INTO public."Alert" (id, "organizationId", "analysisId", type, severity, title, message, amount, "isRead", "isDismissed", metadata, "createdAt") VALUES ('cmmmylhua002cx2i0gtaloe2x', 'cmmktxl4b0001vwi0k66j58j6', 'cmmmylhfq0001x2i0qnjk2a74', 'duplicate_payment', 'critical', 'Possível pagamento duplicado', 'Detectamos pagamentos iguais de R$ 15.00 para "Pix enviado: "Cp :49931906-SUPREMA BET L" em datas próximas. Verifique se foi pago em dobro.', 15.00, false, false, NULL, '2026-03-12 04:19:47.206');
INSERT INTO public."Alert" (id, "organizationId", "analysisId", type, severity, title, message, amount, "isRead", "isDismissed", metadata, "createdAt") VALUES ('cmmmylhua002dx2i0w79oicb5', 'cmmktxl4b0001vwi0k66j58j6', 'cmmmylhfq0001x2i0qnjk2a74', 'duplicate_payment', 'critical', 'Possível pagamento duplicado', 'Detectamos pagamentos iguais de R$ 20.00 para "Pix enviado: "Cp :49931906-SUPREMA BET L" em datas próximas. Verifique se foi pago em dobro.', 20.00, false, false, NULL, '2026-03-12 04:19:47.206');
INSERT INTO public."Alert" (id, "organizationId", "analysisId", type, severity, title, message, amount, "isRead", "isDismissed", metadata, "createdAt") VALUES ('cmmmylhua002ex2i03kwc7ccz', 'cmmktxl4b0001vwi0k66j58j6', 'cmmmylhfq0001x2i0qnjk2a74', 'duplicate_payment', 'critical', 'Possível pagamento duplicado', 'Detectamos pagamentos iguais de R$ 10.00 para "Pix enviado: "Cp :49931906-SUPREMA BET L" em datas próximas. Verifique se foi pago em dobro.', 50.00, false, false, NULL, '2026-03-12 04:19:47.206');
INSERT INTO public."Alert" (id, "organizationId", "analysisId", type, severity, title, message, amount, "isRead", "isDismissed", metadata, "createdAt") VALUES ('cmmmylhua002fx2i0jrx97ma4', 'cmmktxl4b0001vwi0k66j58j6', 'cmmmylhfq0001x2i0qnjk2a74', 'vendor_concentration', 'warning', 'Alta dependência do fornecedor "No Debito: "no Estabeleci"', '30% das suas despesas vão para um único fornecedor. Isso representa risco e pode indicar oportunidade de negociação.', 721.31, false, false, NULL, '2026-03-12 04:19:47.206');
INSERT INTO public."Alert" (id, "organizationId", "analysisId", type, severity, title, message, amount, "isRead", "isDismissed", metadata, "createdAt") VALUES ('cmmmylhua002gx2i0e8v5xquu', 'cmmktxl4b0001vwi0k66j58j6', 'cmmmylhfq0001x2i0qnjk2a74', 'cash_pressure', 'critical', 'Risco de pressão no caixa', 'Com base no padrão atual de receitas e despesas, seu caixa pode entrar em pressão em aproximadamente 5 dias.', 13.39, false, false, NULL, '2026-03-12 04:19:47.206');
INSERT INTO public."Alert" (id, "organizationId", "analysisId", type, severity, title, message, amount, "isRead", "isDismissed", metadata, "createdAt") VALUES ('cmmmylhua002hx2i0jojwedtp', 'cmmktxl4b0001vwi0k66j58j6', 'cmmmylhfq0001x2i0qnjk2a74', 'other', 'info', 'Análise por IA temporariamente indisponível', 'A análise detalhada por inteligência artificial não pôde ser concluída neste momento. O score e os insights exibidos são baseados na análise automática de padrões. Tente gerar uma nova análise em alguns minutos.', 0.00, false, false, NULL, '2026-03-12 04:19:47.206');
INSERT INTO public."Insight" (id, "analysisId", type, category, title, description, impact, urgency, amount, status, metadata, "createdAt") VALUES ('cmmjeavaw00061bi0q2a7eqzq', 'cmmjeava600051bi04gsq8xql', 'leak', 'ferramentas_software', 'Assinatura possivelmente subutilizada', '"Notion Pro" apareceu poucas vezes e pode não estar sendo usada.', 'high', NULL, 420.00, 'open', '{"type": "subscription"}', '2026-03-09 16:28:20.598');
INSERT INTO public."Insight" (id, "analysisId", type, category, title, description, impact, urgency, amount, status, metadata, "createdAt") VALUES ('cmmjeavaw00071bi06q6kqatn', 'cmmjeava600051bi04gsq8xql', 'leak', 'ferramentas_software', 'Ferramentas sobrepostas: email marketing', 'Você paga por 3 ferramentas com funções similares de email marketing. Total: R$890/mês.', 'high', NULL, 890.00, 'open', '{"type": "overlap"}', '2026-03-09 16:28:20.598');
INSERT INTO public."Insight" (id, "analysisId", type, category, title, description, impact, urgency, amount, status, metadata, "createdAt") VALUES ('cmmjeavaw00081bi0f363m817', 'cmmjeava600051bi04gsq8xql', 'leak', 'marketing', 'Crescimento anormal em Marketing', 'Gastos com Marketing cresceram 73% no segundo período da análise. Custo extra estimado: R$1.240/mês.', 'high', NULL, 1240.00, 'open', '{"type": "anomaly"}', '2026-03-09 16:28:20.598');
INSERT INTO public."Insight" (id, "analysisId", type, category, title, description, impact, urgency, amount, status, metadata, "createdAt") VALUES ('cmmjeavaw00091bi0ayrjt0du', 'cmmjeava600051bi04gsq8xql', 'leak', 'operacional', 'Pagamento duplicado detectado', '"Aluguel Escritório" foi pago mais de uma vez no mesmo período. Valor duplicado: R$3.800.', 'high', NULL, 3800.00, 'open', '{"type": "duplicate"}', '2026-03-09 16:28:20.598');
INSERT INTO public."Insight" (id, "analysisId", type, category, title, description, impact, urgency, amount, status, metadata, "createdAt") VALUES ('cmmjeavaw000a1bi0kfkunwxb', 'cmmjeava600051bi04gsq8xql', 'leak', 'pessoal', 'Concentração excessiva em Pessoal', '68% de todas as despesas estão concentradas em Pessoal. Alta dependência aumenta o risco financeiro.', 'medium', NULL, 8900.00, 'open', '{"type": "concentration"}', '2026-03-09 16:28:20.598');
INSERT INTO public."Insight" (id, "analysisId", type, category, title, description, impact, urgency, amount, status, metadata, "createdAt") VALUES ('cmmjeavaw000b1bi082dncrok', 'cmmjeava600051bi04gsq8xql', 'leak', 'ferramentas_software', 'Assinatura não utilizada: Adobe Creative Cloud', '"Adobe Creative Cloud" apareceu 1 vez em 3 meses — possivelmente inativa.', 'medium', NULL, 310.00, 'open', '{"type": "subscription"}', '2026-03-09 16:28:20.598');
INSERT INTO public."Insight" (id, "analysisId", type, category, title, description, impact, urgency, amount, status, metadata, "createdAt") VALUES ('cmmjeavbg000c1bi0erzwf3l3', 'cmmjeava600051bi04gsq8xql', 'opportunity', 'ferramentas_software', 'Cancelar Notion Pro — migrar para plano Free', 'O plano Free do Notion cobre o uso identificado. Cancelamento imediato gera economia certa.', 'high', NULL, 420.00, 'open', '{"action": "Acesse notion.so > Settings > Plans e faça downgrade para Free.", "difficulty": "easy"}', '2026-03-09 16:28:20.618');
INSERT INTO public."Insight" (id, "analysisId", type, category, title, description, impact, urgency, amount, status, metadata, "createdAt") VALUES ('cmmjeavbh000d1bi0azbm6m7r', 'cmmjeava600051bi04gsq8xql', 'opportunity', 'ferramentas_software', 'Consolidar ferramentas de email marketing', 'Unifique em uma só plataforma e elimine as demais. Economia estimada em 50% do gasto atual.', 'high', NULL, 445.00, 'open', '{"action": "Avalie qual ferramenta tem mais valor e cancele as demais em 30 dias.", "difficulty": "medium"}', '2026-03-09 16:28:20.618');
INSERT INTO public."Insight" (id, "analysisId", type, category, title, description, impact, urgency, amount, status, metadata, "createdAt") VALUES ('cmmjeavbh000e1bi0u8j9qbgc', 'cmmjeava600051bi04gsq8xql', 'opportunity', 'operacional', 'Renegociar contrato de Aluguel', 'Com o mercado atual, há margem para redução de 15-20% no valor do aluguel.', 'high', NULL, 760.00, 'open', '{"action": "Agende reunião com o proprietário e apresente comparativos de mercado.", "difficulty": "medium"}', '2026-03-09 16:28:20.618');
INSERT INTO public."Insight" (id, "analysisId", type, category, title, description, impact, urgency, amount, status, metadata, "createdAt") VALUES ('cmmjeavbh000f1bi026dw78px', 'cmmjeava600051bi04gsq8xql', 'opportunity', 'ferramentas_software', 'Cancelar Adobe Creative Cloud', 'Uso identificado em apenas 1 transação em 3 meses — retorno sobre investimento muito baixo.', 'medium', NULL, 310.00, 'open', '{"action": "Acesse account.adobe.com > Plans e cancele a assinatura.", "difficulty": "easy"}', '2026-03-09 16:28:20.618');
INSERT INTO public."Insight" (id, "analysisId", type, category, title, description, impact, urgency, amount, status, metadata, "createdAt") VALUES ('cmmjeavbh000g1bi00korwzvl', 'cmmjeava600051bi04gsq8xql', 'opportunity', 'marketing', 'Negociar com principal fornecedor de Marketing', 'Alta concentração de gastos justifica renegociação de condições com desconto de 10-15%.', 'medium', NULL, 620.00, 'open', '{"action": "Agende reunião de renegociação com dados de volume como argumento.", "difficulty": "hard"}', '2026-03-09 16:28:20.618');
INSERT INTO public."Insight" (id, "analysisId", type, category, title, description, impact, urgency, amount, status, metadata, "createdAt") VALUES ('cmmmylhuc002ix2i0g6cchbrr', 'cmmmylhfq0001x2i0qnjk2a74', 'leak', 'financeiro', 'Crescimento anormal em Financeiro', 'Gastos com Financeiro cresceram 31% no segundo período da análise. Custo extra estimado: R$ 8.13/mês.', 'medium', NULL, 8.13, 'open', '{"id": "leak_0", "type": "anomaly", "title": "Crescimento anormal em Financeiro", "amount": 8.127916666666668, "impact": "medium", "category": "financeiro", "description": "Gastos com Financeiro cresceram 31% no segundo período da análise. Custo extra estimado: R$ 8.13/mês."}', '2026-03-12 04:19:47.205');
INSERT INTO public."Insight" (id, "analysisId", type, category, title, description, impact, urgency, amount, status, metadata, "createdAt") VALUES ('cmmmylhuc002jx2i0zvl3tyly', 'cmmmylhfq0001x2i0qnjk2a74', 'leak', 'fornecedores', 'Crescimento anormal em Fornecedores', 'Gastos com Fornecedores cresceram 39% no segundo período da análise. Custo extra estimado: R$ 30.44/mês.', 'medium', NULL, 30.44, 'open', '{"id": "leak_1", "type": "anomaly", "title": "Crescimento anormal em Fornecedores", "amount": 30.4405, "impact": "medium", "category": "fornecedores", "description": "Gastos com Fornecedores cresceram 39% no segundo período da análise. Custo extra estimado: R$ 30.44/mês."}', '2026-03-12 04:19:47.205');
INSERT INTO public."Insight" (id, "analysisId", type, category, title, description, impact, urgency, amount, status, metadata, "createdAt") VALUES ('cmmmylhuc002kx2i0gnutju9t', 'cmmmylhfq0001x2i0qnjk2a74', 'leak', NULL, 'Pagamento duplicado detectado', '"Pix enviado: "Cp :49931906-SUPREMA BET LTDA"" foi pago mais de uma vez no mesmo período. Valor duplicado: R$ 15.00.', 'high', NULL, 15.00, 'open', '{"id": "leak_2", "type": "duplicate", "title": "Pagamento duplicado detectado", "amount": 15, "impact": "high", "description": "\"Pix enviado: \"Cp :49931906-SUPREMA BET LTDA\"\" foi pago mais de uma vez no mesmo período. Valor duplicado: R$ 15.00."}', '2026-03-12 04:19:47.205');
INSERT INTO public."Insight" (id, "analysisId", type, category, title, description, impact, urgency, amount, status, metadata, "createdAt") VALUES ('cmmmylhuc002lx2i08i6q244c', 'cmmmylhfq0001x2i0qnjk2a74', 'leak', NULL, 'Pagamento duplicado detectado', '"Pix enviado: "Cp :49931906-SUPREMA BET LTDA"" foi pago mais de uma vez no mesmo período. Valor duplicado: R$ 20.00.', 'high', NULL, 20.00, 'open', '{"id": "leak_3", "type": "duplicate", "title": "Pagamento duplicado detectado", "amount": 20, "impact": "high", "description": "\"Pix enviado: \"Cp :49931906-SUPREMA BET LTDA\"\" foi pago mais de uma vez no mesmo período. Valor duplicado: R$ 20.00."}', '2026-03-12 04:19:47.205');
INSERT INTO public."Insight" (id, "analysisId", type, category, title, description, impact, urgency, amount, status, metadata, "createdAt") VALUES ('cmmmylhuc002mx2i0pmtnmarz', 'cmmmylhfq0001x2i0qnjk2a74', 'leak', NULL, 'Pagamento duplicado detectado', '"Pix enviado: "Cp :49931906-SUPREMA BET LTDA"" foi pago mais de uma vez no mesmo período. Valor duplicado: R$ 50.00.', 'high', NULL, 50.00, 'open', '{"id": "leak_4", "type": "duplicate", "title": "Pagamento duplicado detectado", "amount": 50, "impact": "high", "description": "\"Pix enviado: \"Cp :49931906-SUPREMA BET LTDA\"\" foi pago mais de uma vez no mesmo período. Valor duplicado: R$ 50.00."}', '2026-03-12 04:19:47.205');
INSERT INTO public."Insight" (id, "analysisId", type, category, title, description, impact, urgency, amount, status, metadata, "createdAt") VALUES ('cmmmylhuc002nx2i0ejp12opl', 'cmmmylhfq0001x2i0qnjk2a74', 'leak', 'financeiro', 'Concentração excessiva em Financeiro', '60% de todas as despesas estão concentradas em Financeiro. Alta dependência de uma categoria aumenta o risco financeiro.', 'medium', NULL, 1461.97, 'open', '{"id": "leak_5", "type": "concentration", "title": "Concentração excessiva em Financeiro", "amount": 1461.97, "impact": "medium", "category": "financeiro", "description": "60% de todas as despesas estão concentradas em Financeiro. Alta dependência de uma categoria aumenta o risco financeiro."}', '2026-03-12 04:19:47.205');
INSERT INTO public."Insight" (id, "analysisId", type, category, title, description, impact, urgency, amount, status, metadata, "createdAt") VALUES ('cmmmylhud002ox2i0dndsftly', 'cmmmylhfq0001x2i0qnjk2a74', 'opportunity', NULL, 'Negociar com fornecedor "No Debito: "no Estabeleci"', 'Este fornecedor representa 30% das suas despesas. Alta concentração justifica renegociação de condições.', 'medium', 'soon', 72.13, 'open', '{"id": "op_0", "title": "Negociar com fornecedor \"No Debito: \"no Estabeleci\"", "action": "Agende uma reunião de renegociação e apresente a dependência como argumento para desconto.", "impact": "medium", "status": "open", "urgency": "soon", "difficulty": "medium", "description": "Este fornecedor representa 30% das suas despesas. Alta concentração justifica renegociação de condições.", "savingsEstimate": 72.131}', '2026-03-12 04:19:47.205');
INSERT INTO public."Invite" (id, "organizationId", email, role, token, "invitedByName", "expiresAt", "acceptedAt", "createdAt") VALUES ('cmmletoq300008yi0vsjwwbq8', 'cmmktxl4b0001vwi0k66j58j6', 'rafaelturossi.job@gmail.com', 'analyst', 'cmmletoq300018yi0ddl876hp', 'Usuário Premium', '2026-03-18 02:18:30.883', '2026-03-11 02:18:50.176', '2026-03-11 02:18:30.891');
INSERT INTO public."Membership" (id, "userId", "organizationId", role, "createdAt") VALUES ('cmmjeav8a00021bi0as0ssxx3', 'cmmjeav4m00001bi0nwlahgh8', 'cmmjeav6t00011bi0zah3ho6s', 'owner', '2026-03-09 16:28:20.497');
INSERT INTO public."Membership" (id, "userId", "organizationId", role, "createdAt") VALUES ('cmmjqq83u0002yti01xs4og2v', 'cmmjqq82u0000yti02z31zm9v', 'cmmjqq83c0001yti0lvehul60', 'owner', '2026-03-09 22:16:12.426');
INSERT INTO public."Membership" (id, "userId", "organizationId", role, "createdAt") VALUES ('cmmktxl4n0003vwi0lrft9j8h', 'cmmktxl490000vwi0t9va3xrp', 'cmmktxl4b0001vwi0k66j58j6', 'owner', '2026-03-10 16:33:40.903');
INSERT INTO public."Membership" (id, "userId", "organizationId", role, "createdAt") VALUES ('cmmleu3lx00038yi06240qz6l', 'cmmleu3lh00028yi007d5h8mk', 'cmmktxl4b0001vwi0k66j58j6', 'analyst', '2026-03-11 02:18:50.181');
INSERT INTO public."OnboardingProfile" (id, "organizationId", "businessType", niche, "monthlyRevenueRange", "employeeCountRange", "financialTools", "mainPainPoints", "primaryGoal", "currentControl", completed, "completedAt", "createdAt") VALUES ('cmmjeav8v00031bi04sois1df', 'cmmjeav6t00011bi0zah3ho6s', 'company', 'Tecnologia / SaaS', '50000-100000', '10-20', '{planilha,sistema_proprio}', '{despesas_descontroladas,falta_visibilidade}', 'reduzir_custos', 'parcial', true, '2026-03-09 16:28:20.518', '2026-03-09 16:28:20.527');
INSERT INTO public."OnboardingProfile" (id, "organizationId", "businessType", niche, "monthlyRevenueRange", "employeeCountRange", "financialTools", "mainPainPoints", "primaryGoal", "currentControl", completed, "completedAt", "createdAt") VALUES ('cmmjqq8490003yti0r0efk9l1', 'cmmjqq83c0001yti0lvehul60', 'restaurant', 'restaurant', 'Até R$10k', 'Só eu', '{Outro}', '{"Não sei onde vai o dinheiro","Custos crescendo sem controle","Muitas assinaturas e ferramentas","Dificuldade de prever o caixa","Margem de lucro baixa","Fornecedores caros"}', 'Reduzir custos', NULL, true, '2026-03-09 22:17:01.159', '2026-03-09 22:16:12.441');
INSERT INTO public."OnboardingProfile" (id, "organizationId", "businessType", niche, "monthlyRevenueRange", "employeeCountRange", "financialTools", "mainPainPoints", "primaryGoal", "currentControl", completed, "completedAt", "createdAt") VALUES ('cmmktxl4l0002vwi0x2vsbrpg', 'cmmktxl4b0001vwi0k66j58j6', 'empresa', 'Tecnologia', NULL, NULL, NULL, NULL, 'Crescimento', NULL, true, '2026-03-10 16:33:40.887', '2026-03-10 16:33:40.903');
INSERT INTO public."OnboardingProfile" (id, "organizationId", "businessType", niche, "monthlyRevenueRange", "employeeCountRange", "financialTools", "mainPainPoints", "primaryGoal", "currentControl", completed, "completedAt", "createdAt") VALUES ('cmmku4uex00069vi0c06oc6ck', 'cmmku48x800049vi0rnikvoz6', 'restaurant', 'restaurant', 'Até R$10k', '2–5', '{Outro}', '{"Não sei onde vai o dinheiro","Custos crescendo sem controle"}', 'Reduzir custos', NULL, true, '2026-03-10 16:39:19.536', '2026-03-10 16:39:19.545');
INSERT INTO public."Recommendation" (id, "organizationId", "analysisId", title, description, rationale, impact, urgency, difficulty, "savingsEstimate", category, status, priority, "createdAt") VALUES ('cmmjeavcl000m1bi0mxumf0xf', 'cmmjeav6t00011bi0zah3ho6s', 'cmmjeava600051bi04gsq8xql', 'Estornar pagamento duplicado do Aluguel', 'Confirmar a duplicata de pagamento do aluguel do escritório e solicitar estorno imediato.', 'R$3.800 pagos a mais podem ser recuperados imediatamente com uma solicitação bancária simples.', 'high', 'immediate', 'easy', 3800.00, 'financeiro', 'pending', 1, '2026-03-09 16:28:20.659');
INSERT INTO public."Recommendation" (id, "organizationId", "analysisId", title, description, rationale, impact, urgency, difficulty, "savingsEstimate", category, status, priority, "createdAt") VALUES ('cmmjeavcl000n1bi0a1zmus1s', 'cmmjeav6t00011bi0zah3ho6s', 'cmmjeava600051bi04gsq8xql', 'Cancelar assinaturas subutilizadas (Notion + Adobe)', 'Cancelar Notion Pro e Adobe Creative Cloud que apresentam uso mínimo ou inexistente.', 'Economia certa de R$730/mês sem impacto operacional identificado.', 'high', 'immediate', 'easy', 730.00, 'ferramentas_software', 'pending', 2, '2026-03-09 16:28:20.659');
INSERT INTO public."Recommendation" (id, "organizationId", "analysisId", title, description, rationale, impact, urgency, difficulty, "savingsEstimate", category, status, priority, "createdAt") VALUES ('cmmjeavcl000o1bi03he4z1x6', 'cmmjeav6t00011bi0zah3ho6s', 'cmmjeava600051bi04gsq8xql', 'Consolidar ferramentas de email marketing', 'Escolher uma única plataforma de email marketing e cancelar as outras duas.', 'Três ferramentas com a mesma função geram desperdício de R$890/mês.', 'high', 'soon', 'medium', 445.00, 'ferramentas_software', 'pending', 3, '2026-03-09 16:28:20.659');
INSERT INTO public."Recommendation" (id, "organizationId", "analysisId", title, description, rationale, impact, urgency, difficulty, "savingsEstimate", category, status, priority, "createdAt") VALUES ('cmmjeavcl000p1bi0mqa2zcsr', 'cmmjeav6t00011bi0zah3ho6s', 'cmmjeava600051bi04gsq8xql', 'Renegociar aluguel do escritório', 'Agendar reunião com o proprietário para renegociar o contrato com base em comparativos de mercado.', 'Mercado atual favorece redução de 15-20% para contratos longos. Potencial de R$570-760/mês.', 'high', 'soon', 'medium', 665.00, 'operacional', 'pending', 4, '2026-03-09 16:28:20.659');
INSERT INTO public."Recommendation" (id, "organizationId", "analysisId", title, description, rationale, impact, urgency, difficulty, "savingsEstimate", category, status, priority, "createdAt") VALUES ('cmmjeavcl000q1bi0mpoind87', 'cmmjeav6t00011bi0zah3ho6s', 'cmmjeava600051bi04gsq8xql', 'Revisar e otimizar investimento em Marketing', 'Auditar o retorno dos canais de marketing e eliminar os de baixo desempenho.', 'Crescimento de 73% no custo de marketing sem crescimento equivalente em receita é sinal de ineficiência.', 'high', 'soon', 'hard', 1240.00, 'marketing', 'pending', 5, '2026-03-09 16:28:20.659');
INSERT INTO public."Recommendation" (id, "organizationId", "analysisId", title, description, rationale, impact, urgency, difficulty, "savingsEstimate", category, status, priority, "createdAt") VALUES ('cmmjeavcl000r1bi082llxf7t', 'cmmjeav6t00011bi0zah3ho6s', 'cmmjeava600051bi04gsq8xql', 'Diversificar fornecedores de marketing digital', 'Reduzir dependência do Google Ads testando canais alternativos com orçamento controlado.', 'Alta concentração em um único canal aumenta risco e reduz poder de negociação.', 'medium', 'monitor', 'hard', 620.00, 'marketing', 'pending', 6, '2026-03-09 16:28:20.659');
INSERT INTO public."Recommendation" (id, "organizationId", "analysisId", title, description, rationale, impact, urgency, difficulty, "savingsEstimate", category, status, priority, "createdAt") VALUES ('cmmmylhuf002px2i0g754sb75', 'cmmktxl4b0001vwi0k66j58j6', 'cmmmylhfq0001x2i0qnjk2a74', 'Verificar e estornar pagamento duplicado', 'Confirmar a duplicata de "Pix enviado: "Cp :49931906-SUPREMA BET L" e solicitar estorno se confirmado.', 'Estornar duplicatas pode recuperar imediatamente R$ 50.00.', 'high', 'immediate', 'easy', 50.00, 'financeiro', 'pending', 1, '2026-03-12 04:19:47.208');
INSERT INTO public."Recommendation" (id, "organizationId", "analysisId", title, description, rationale, impact, urgency, difficulty, "savingsEstimate", category, status, priority, "createdAt") VALUES ('cmmmylhuf002qx2i0ffl5953o', 'cmmktxl4b0001vwi0k66j58j6', 'cmmmylhfq0001x2i0qnjk2a74', 'Verificar e estornar pagamento duplicado', 'Confirmar a duplicata de "Pix enviado: "Cp :49931906-SUPREMA BET L" e solicitar estorno se confirmado.', 'Estornar duplicatas pode recuperar imediatamente R$ 20.00.', 'high', 'immediate', 'easy', 20.00, 'financeiro', 'pending', 2, '2026-03-12 04:19:47.208');
INSERT INTO public."Recommendation" (id, "organizationId", "analysisId", title, description, rationale, impact, urgency, difficulty, "savingsEstimate", category, status, priority, "createdAt") VALUES ('cmmmylhuf002rx2i0hq9vmtq2', 'cmmktxl4b0001vwi0k66j58j6', 'cmmmylhfq0001x2i0qnjk2a74', 'Verificar e estornar pagamento duplicado', 'Confirmar a duplicata de "Pix enviado: "Cp :49931906-SUPREMA BET L" e solicitar estorno se confirmado.', 'Estornar duplicatas pode recuperar imediatamente R$ 15.00.', 'high', 'immediate', 'easy', 15.00, 'financeiro', 'pending', 3, '2026-03-12 04:19:47.208');
INSERT INTO public."Recommendation" (id, "organizationId", "analysisId", title, description, rationale, impact, urgency, difficulty, "savingsEstimate", category, status, priority, "createdAt") VALUES ('cmmmylhuf002sx2i0riqwex6q', 'cmmktxl4b0001vwi0k66j58j6', 'cmmmylhfq0001x2i0qnjk2a74', 'Revisar despesas para aliviar caixa', 'Identificar despesas que podem ser adiadas ou eliminadas nos próximos 30 dias.', 'Projeção indica pressão de caixa em 5 dias com o padrão atual.', 'high', 'immediate', 'medium', 4.02, 'operacional', 'pending', 4, '2026-03-12 04:19:47.208');
INSERT INTO public."Recommendation" (id, "organizationId", "analysisId", title, description, rationale, impact, urgency, difficulty, "savingsEstimate", category, status, priority, "createdAt") VALUES ('cmmmylhuf002tx2i0ub4s6u4u', 'cmmktxl4b0001vwi0k66j58j6', 'cmmmylhfq0001x2i0qnjk2a74', 'Investigar crescimento em Fornecedores', 'Revisar os gastos da categoria Fornecedores para identificar a causa do aumento.', 'Crescimento de 39% não justificado pode representar desperdício.', 'medium', 'soon', 'easy', 30.44, 'fornecedores', 'pending', 5, '2026-03-12 04:19:47.208');
INSERT INTO public."Recommendation" (id, "organizationId", "analysisId", title, description, rationale, impact, urgency, difficulty, "savingsEstimate", category, status, priority, "createdAt") VALUES ('cmmmylhuf002ux2i05uwdfzxo', 'cmmktxl4b0001vwi0k66j58j6', 'cmmmylhfq0001x2i0qnjk2a74', 'Investigar crescimento em Financeiro', 'Revisar os gastos da categoria Financeiro para identificar a causa do aumento.', 'Crescimento de 31% não justificado pode representar desperdício.', 'medium', 'soon', 'easy', 8.13, 'financeiro', 'pending', 6, '2026-03-12 04:19:47.208');
INSERT INTO public."Report" (id, "organizationId", "analysisId", "userId", title, "fileUrl", status, "createdAt", "expiresAt") VALUES ('cmmjefuzi0000bji0f2cncjtu', 'cmmjeav6t00011bi0zah3ho6s', 'cmmjeava600051bi04gsq8xql', 'cmmjeav4m00001bi0nwlahgh8', 'Relatório de Eficiência Financeira — 09/03/2026', '/api/reports/cmmjefuzi0000bji0f2cncjtu/download', 'done', '2026-03-09 16:32:13.47', '2026-03-16 16:32:13.443');
INSERT INTO public."ScoreSnapshot" (id, "organizationId", "analysisId", score, subscores, "createdAt") VALUES ('cmmjeavcz000s1bi0a5mdndyk', 'cmmjeav6t00011bi0zah3ho6s', 'cmmjeava600051bi04gsq8xql', 58, '{"cashFlow": 72, "anomalies": 65, "duplicates": 40, "concentration": 55, "subscriptions": 38}', '2026-03-09 16:28:20.675');
INSERT INTO public."ScoreSnapshot" (id, "organizationId", "analysisId", score, subscores, "createdAt") VALUES ('cmmmylhu10029x2i0p5gz9wac', 'cmmktxl4b0001vwi0k66j58j6', 'cmmmylhfq0001x2i0qnjk2a74', 23, '{"vendors": 85, "cashflow": 0, "recurring": 86, "concentration": 87, "subscriptions": 100}', '2026-03-12 04:19:47.209');
INSERT INTO public."Transaction" (id, "organizationId", "uploadId", date, description, amount, "categorySlug", vendor, "isRecurring", "recurrenceType", tags, "rawData", "createdAt") VALUES ('cmmmylhhc0002x2i04qcjvwcs', 'cmmktxl4b0001vwi0k66j58j6', 'cmmmylhfn0000x2i08zeimw3n', '2026-09-02 03:00:00', 'Pix enviado: "Cp :49931906-SUPREMA BET LTDA"', -7.49, 'financeiro', 'Enviado: "cp :49931906-suprema Bet', false, NULL, NULL, '{"id": "t_0", "date": "2026-09-02T03:00:00.000Z", "Saldo": "126,39", "Valor": "-7,49", "amount": -7.49, "vendor": "Enviado: \"cp :49931906-suprema Bet", "Descrição": "Pix enviado: \"Cp :49931906-SUPREMA BET LTDA\"", "description": "Pix enviado: \"Cp :49931906-SUPREMA BET LTDA\"", "categorySlug": "financeiro", "Data Lançamento": "09/02/2026"}', '2026-03-12 04:19:46.75');
INSERT INTO public."Transaction" (id, "organizationId", "uploadId", date, description, amount, "categorySlug", vendor, "isRecurring", "recurrenceType", tags, "rawData", "createdAt") VALUES ('cmmmylhhc0003x2i0rh6r66mh', 'cmmktxl4b0001vwi0k66j58j6', 'cmmmylhfn0000x2i08zeimw3n', '2026-09-02 03:00:00', 'Pix enviado: "Cp :19468242-IFOODCOM AGENCIA DE RESTAURANTES ONLINE SA"', -42.51, 'financeiro', 'Enviado: "cp :19468242-ifoodcom Agencia De Restaur', false, NULL, NULL, '{"id": "t_1", "date": "2026-09-02T03:00:00.000Z", "Saldo": "83,88", "Valor": "-42,51", "amount": -42.51, "vendor": "Enviado: \"cp :19468242-ifoodcom Agencia De Restaur", "Descrição": "Pix enviado: \"Cp :19468242-IFOODCOM AGENCIA DE RESTAURANTES ONLINE SA\"", "description": "Pix enviado: \"Cp :19468242-IFOODCOM AGENCIA DE RESTAURANTES ONLINE SA\"", "categorySlug": "financeiro", "Data Lançamento": "09/02/2026"}', '2026-03-12 04:19:46.75');
INSERT INTO public."Transaction" (id, "organizationId", "uploadId", date, description, amount, "categorySlug", vendor, "isRecurring", "recurrenceType", tags, "rawData", "createdAt") VALUES ('cmmmylhhc0004x2i0pe39ixsq', 'cmmktxl4b0001vwi0k66j58j6', 'cmmmylhfn0000x2i08zeimw3n', '2026-09-02 03:00:00', 'Pix enviado: "Cp :49931906-SUPREMA BET LTDA"', -3.89, 'financeiro', 'Enviado: "cp :49931906-suprema Bet', false, NULL, NULL, '{"id": "t_2", "date": "2026-09-02T03:00:00.000Z", "Saldo": "79,99", "Valor": "-3,89", "amount": -3.89, "vendor": "Enviado: \"cp :49931906-suprema Bet", "Descrição": "Pix enviado: \"Cp :49931906-SUPREMA BET LTDA\"", "description": "Pix enviado: \"Cp :49931906-SUPREMA BET LTDA\"", "categorySlug": "financeiro", "Data Lançamento": "09/02/2026"}', '2026-03-12 04:19:46.75');
INSERT INTO public."Transaction" (id, "organizationId", "uploadId", date, description, amount, "categorySlug", vendor, "isRecurring", "recurrenceType", tags, "rawData", "createdAt") VALUES ('cmmmylhhc0005x2i0owfchagr', 'cmmktxl4b0001vwi0k66j58j6', 'cmmmylhfn0000x2i08zeimw3n', '2026-09-02 03:00:00', 'Pix enviado: "Cp :14796606-IFOODCOM AGENCIA DE RESTAURANTES ONLINE SA"', -49.99, 'financeiro', 'Enviado: "cp :14796606-ifoodcom Agencia De Restaur', false, NULL, NULL, '{"id": "t_3", "date": "2026-09-02T03:00:00.000Z", "Saldo": "30,00", "Valor": "-49,99", "amount": -49.99, "vendor": "Enviado: \"cp :14796606-ifoodcom Agencia De Restaur", "Descrição": "Pix enviado: \"Cp :14796606-IFOODCOM AGENCIA DE RESTAURANTES ONLINE SA\"", "description": "Pix enviado: \"Cp :14796606-IFOODCOM AGENCIA DE RESTAURANTES ONLINE SA\"", "categorySlug": "financeiro", "Data Lançamento": "09/02/2026"}', '2026-03-12 04:19:46.75');
INSERT INTO public."Transaction" (id, "organizationId", "uploadId", date, description, amount, "categorySlug", vendor, "isRecurring", "recurrenceType", tags, "rawData", "createdAt") VALUES ('cmmmylhhc0006x2i06p1sw82d', 'cmmktxl4b0001vwi0k66j58j6', 'cmmmylhfn0000x2i08zeimw3n', '2026-10-02 03:00:00', 'Pix enviado: "Cp :18236120-40123847 Simone das Gracas da Silva"', -18.30, 'financeiro', 'Enviado: "cp :18236120-40123847 Simone Das Gracas ', false, NULL, NULL, '{"id": "t_4", "date": "2026-10-02T03:00:00.000Z", "Saldo": "11,70", "Valor": "-18,30", "amount": -18.3, "vendor": "Enviado: \"cp :18236120-40123847 Simone Das Gracas ", "Descrição": "Pix enviado: \"Cp :18236120-40123847 Simone das Gracas da Silva\"", "description": "Pix enviado: \"Cp :18236120-40123847 Simone das Gracas da Silva\"", "categorySlug": "financeiro", "Data Lançamento": "10/02/2026"}', '2026-03-12 04:19:46.75');
INSERT INTO public."Transaction" (id, "organizationId", "uploadId", date, description, amount, "categorySlug", vendor, "isRecurring", "recurrenceType", tags, "rawData", "createdAt") VALUES ('cmmmylhhc0007x2i0c2uibr7y', 'cmmktxl4b0001vwi0k66j58j6', 'cmmmylhfn0000x2i08zeimw3n', '2026-12-02 03:00:00', 'Pix enviado: "Cp :18236120-Ana Paula da Silva"', -11.70, 'financeiro', 'Enviado: "cp :18236120-ana Paula Da Silva"', false, NULL, NULL, '{"id": "t_5", "date": "2026-12-02T03:00:00.000Z", "Saldo": "0,00", "Valor": "-11,70", "amount": -11.7, "vendor": "Enviado: \"cp :18236120-ana Paula Da Silva\"", "Descrição": "Pix enviado: \"Cp :18236120-Ana Paula da Silva\"", "description": "Pix enviado: \"Cp :18236120-Ana Paula da Silva\"", "categorySlug": "financeiro", "Data Lançamento": "12/02/2026"}', '2026-03-12 04:19:46.75');
INSERT INTO public."Transaction" (id, "organizationId", "uploadId", date, description, amount, "categorySlug", vendor, "isRecurring", "recurrenceType", tags, "rawData", "createdAt") VALUES ('cmmmylhhc0008x2i0mvlc79g0', 'cmmktxl4b0001vwi0k66j58j6', 'cmmmylhfn0000x2i08zeimw3n', '2026-02-15 03:00:00', 'Pix enviado: "Cp :19468242-IFOODCOM AGENCIA DE RESTAURANTES ONLINE SA"', -32.97, 'financeiro', 'Enviado: "cp :19468242-ifoodcom Agencia De Restaur', false, NULL, NULL, '{"id": "t_6", "date": "2026-02-15T03:00:00.000Z", "Saldo": "-32,97", "Valor": "-32,97", "amount": -32.97, "vendor": "Enviado: \"cp :19468242-ifoodcom Agencia De Restaur", "Descrição": "Pix enviado: \"Cp :19468242-IFOODCOM AGENCIA DE RESTAURANTES ONLINE SA\"", "description": "Pix enviado: \"Cp :19468242-IFOODCOM AGENCIA DE RESTAURANTES ONLINE SA\"", "categorySlug": "financeiro", "Data Lançamento": "15/02/2026"}', '2026-03-12 04:19:46.75');
INSERT INTO public."Transaction" (id, "organizationId", "uploadId", date, description, amount, "categorySlug", vendor, "isRecurring", "recurrenceType", tags, "rawData", "createdAt") VALUES ('cmmmylhhc0009x2i01vhwasrm', 'cmmktxl4b0001vwi0k66j58j6', 'cmmmylhfn0000x2i08zeimw3n', '2026-02-15 03:00:00', 'Pix recebido: "Cp :18236120-Ana Paula da Silva"', 33.00, 'financeiro', 'Recebido: "cp :18236120-ana Paula Da Silva"', false, NULL, NULL, '{"id": "t_7", "date": "2026-02-15T03:00:00.000Z", "Saldo": "0,03", "Valor": "33,00", "amount": 33, "vendor": "Recebido: \"cp :18236120-ana Paula Da Silva\"", "Descrição": "Pix recebido: \"Cp :18236120-Ana Paula da Silva\"", "description": "Pix recebido: \"Cp :18236120-Ana Paula da Silva\"", "categorySlug": "financeiro", "Data Lançamento": "15/02/2026"}', '2026-03-12 04:19:46.75');
INSERT INTO public."Transaction" (id, "organizationId", "uploadId", date, description, amount, "categorySlug", vendor, "isRecurring", "recurrenceType", tags, "rawData", "createdAt") VALUES ('cmmmylhhc000ax2i0hkjt4hll', 'cmmktxl4b0001vwi0k66j58j6', 'cmmmylhfn0000x2i08zeimw3n', '2026-02-22 03:00:00', 'Pix enviado: "Cp :30306294-SIMULCASTING BRASIL"', -10.00, 'financeiro', 'Enviado: "cp :30306294-simulcasting Brasil"', false, NULL, NULL, '{"id": "t_8", "date": "2026-02-22T03:00:00.000Z", "Saldo": "-9,97", "Valor": "-10,00", "amount": -10, "vendor": "Enviado: \"cp :30306294-simulcasting Brasil\"", "Descrição": "Pix enviado: \"Cp :30306294-SIMULCASTING BRASIL\"", "description": "Pix enviado: \"Cp :30306294-SIMULCASTING BRASIL\"", "categorySlug": "financeiro", "Data Lançamento": "22/02/2026"}', '2026-03-12 04:19:46.75');
INSERT INTO public."Transaction" (id, "organizationId", "uploadId", date, description, amount, "categorySlug", vendor, "isRecurring", "recurrenceType", tags, "rawData", "createdAt") VALUES ('cmmmylhhc000bx2i0se2g4yld', 'cmmktxl4b0001vwi0k66j58j6', 'cmmmylhfn0000x2i08zeimw3n', '2026-02-22 03:00:00', 'Pix recebido: "Cp :18236120-Ana Paula da Silva"', 5.05, 'financeiro', 'Recebido: "cp :18236120-ana Paula Da Silva"', false, NULL, NULL, '{"id": "t_9", "date": "2026-02-22T03:00:00.000Z", "Saldo": "-4,92", "Valor": "5,05", "amount": 5.05, "vendor": "Recebido: \"cp :18236120-ana Paula Da Silva\"", "Descrição": "Pix recebido: \"Cp :18236120-Ana Paula da Silva\"", "description": "Pix recebido: \"Cp :18236120-Ana Paula da Silva\"", "categorySlug": "financeiro", "Data Lançamento": "22/02/2026"}', '2026-03-12 04:19:46.75');
INSERT INTO public."Transaction" (id, "organizationId", "uploadId", date, description, amount, "categorySlug", vendor, "isRecurring", "recurrenceType", tags, "rawData", "createdAt") VALUES ('cmmmylhhc000cx2i0oa3kcwzf', 'cmmktxl4b0001vwi0k66j58j6', 'cmmmylhfn0000x2i08zeimw3n', '2026-02-22 03:00:00', 'Pix recebido: "Cp :18236120-Ana Paula da Silva"', 5.00, 'financeiro', 'Recebido: "cp :18236120-ana Paula Da Silva"', false, NULL, NULL, '{"id": "t_10", "date": "2026-02-22T03:00:00.000Z", "Saldo": "0,08", "Valor": "5,00", "amount": 5, "vendor": "Recebido: \"cp :18236120-ana Paula Da Silva\"", "Descrição": "Pix recebido: \"Cp :18236120-Ana Paula da Silva\"", "description": "Pix recebido: \"Cp :18236120-Ana Paula da Silva\"", "categorySlug": "financeiro", "Data Lançamento": "22/02/2026"}', '2026-03-12 04:19:46.75');
INSERT INTO public."Transaction" (id, "organizationId", "uploadId", date, description, amount, "categorySlug", vendor, "isRecurring", "recurrenceType", tags, "rawData", "createdAt") VALUES ('cmmmylhhc000dx2i0xlxyyvlq', 'cmmktxl4b0001vwi0k66j58j6', 'cmmmylhfn0000x2i08zeimw3n', '2026-02-25 03:00:00', 'Pix recebido: "Cp :49931906-SUPREMA BET LTDA"', 100.00, 'financeiro', 'Recebido: "cp :49931906-suprema Bet', false, NULL, NULL, '{"id": "t_11", "date": "2026-02-25T03:00:00.000Z", "Saldo": "100,08", "Valor": "100,00", "amount": 100, "vendor": "Recebido: \"cp :49931906-suprema Bet", "Descrição": "Pix recebido: \"Cp :49931906-SUPREMA BET LTDA\"", "description": "Pix recebido: \"Cp :49931906-SUPREMA BET LTDA\"", "categorySlug": "financeiro", "Data Lançamento": "25/02/2026"}', '2026-03-12 04:19:46.75');
INSERT INTO public."Transaction" (id, "organizationId", "uploadId", date, description, amount, "categorySlug", vendor, "isRecurring", "recurrenceType", tags, "rawData", "createdAt") VALUES ('cmmmylhhc000ex2i05fyowjfa', 'cmmktxl4b0001vwi0k66j58j6', 'cmmmylhfn0000x2i08zeimw3n', '2026-02-25 03:00:00', 'Pix enviado: "Cp :49931906-SUPREMA BET LTDA"', -7.24, 'financeiro', 'Enviado: "cp :49931906-suprema Bet', false, NULL, NULL, '{"id": "t_12", "date": "2026-02-25T03:00:00.000Z", "Saldo": "92,84", "Valor": "-7,24", "amount": -7.24, "vendor": "Enviado: \"cp :49931906-suprema Bet", "Descrição": "Pix enviado: \"Cp :49931906-SUPREMA BET LTDA\"", "description": "Pix enviado: \"Cp :49931906-SUPREMA BET LTDA\"", "categorySlug": "financeiro", "Data Lançamento": "25/02/2026"}', '2026-03-12 04:19:46.75');
INSERT INTO public."Transaction" (id, "organizationId", "uploadId", date, description, amount, "categorySlug", vendor, "isRecurring", "recurrenceType", tags, "rawData", "createdAt") VALUES ('cmmmylhhc000fx2i0acwt6kku', 'cmmktxl4b0001vwi0k66j58j6', 'cmmmylhfn0000x2i08zeimw3n', '2026-02-25 03:00:00', 'Pix enviado: "Cp :19540550-DOM RAFFAELO TELE PIZZA"', -53.35, 'financeiro', 'Enviado: "cp :19540550-dom Raffaelo Tele Pizza"', false, NULL, NULL, '{"id": "t_13", "date": "2026-02-25T03:00:00.000Z", "Saldo": "39,49", "Valor": "-53,35", "amount": -53.35, "vendor": "Enviado: \"cp :19540550-dom Raffaelo Tele Pizza\"", "Descrição": "Pix enviado: \"Cp :19540550-DOM RAFFAELO TELE PIZZA\"", "description": "Pix enviado: \"Cp :19540550-DOM RAFFAELO TELE PIZZA\"", "categorySlug": "financeiro", "Data Lançamento": "25/02/2026"}', '2026-03-12 04:19:46.75');
INSERT INTO public."Transaction" (id, "organizationId", "uploadId", date, description, amount, "categorySlug", vendor, "isRecurring", "recurrenceType", tags, "rawData", "createdAt") VALUES ('cmmmylhhc000gx2i05weyg9fw', 'cmmktxl4b0001vwi0k66j58j6', 'cmmmylhfn0000x2i08zeimw3n', '2026-02-25 03:00:00', 'Pix enviado devolvido: "Cp :60701190-IFOODCOM AGENCIA DE RESTAURANTES ONLINE SA"', 0.59, 'financeiro', 'Enviado Devolvido: "cp :60701190-ifoodcom Agencia ', false, NULL, NULL, '{"id": "t_14", "date": "2026-02-25T03:00:00.000Z", "Saldo": "40,08", "Valor": "0,59", "amount": 0.59, "vendor": "Enviado Devolvido: \"cp :60701190-ifoodcom Agencia ", "Descrição": "Pix enviado devolvido: \"Cp :60701190-IFOODCOM AGENCIA DE RESTAURANTES ONLINE SA\"", "description": "Pix enviado devolvido: \"Cp :60701190-IFOODCOM AGENCIA DE RESTAURANTES ONLINE SA\"", "categorySlug": "financeiro", "Data Lançamento": "25/02/2026"}', '2026-03-12 04:19:46.75');
INSERT INTO public."Transaction" (id, "organizationId", "uploadId", date, description, amount, "categorySlug", vendor, "isRecurring", "recurrenceType", tags, "rawData", "createdAt") VALUES ('cmmmylhhc000hx2i0zoeeawb8', 'cmmktxl4b0001vwi0k66j58j6', 'cmmmylhfn0000x2i08zeimw3n', '2026-02-25 03:00:00', 'Pix enviado: "Cp :49931906-SUPREMA BET LTDA"', -12.84, 'financeiro', 'Enviado: "cp :49931906-suprema Bet', false, NULL, NULL, '{"id": "t_15", "date": "2026-02-25T03:00:00.000Z", "Saldo": "27,24", "Valor": "-12,84", "amount": -12.84, "vendor": "Enviado: \"cp :49931906-suprema Bet", "Descrição": "Pix enviado: \"Cp :49931906-SUPREMA BET LTDA\"", "description": "Pix enviado: \"Cp :49931906-SUPREMA BET LTDA\"", "categorySlug": "financeiro", "Data Lançamento": "25/02/2026"}', '2026-03-12 04:19:46.75');
INSERT INTO public."Transaction" (id, "organizationId", "uploadId", date, description, amount, "categorySlug", vendor, "isRecurring", "recurrenceType", tags, "rawData", "createdAt") VALUES ('cmmmylhhc000ix2i0s0724yyr', 'cmmktxl4b0001vwi0k66j58j6', 'cmmmylhfn0000x2i08zeimw3n', '2026-02-25 03:00:00', 'Pix enviado: "Cp :60701190-IFOODCOM AGENCIA DE RESTAURANTES ONLINE SA"', -156.46, 'financeiro', 'Enviado: "cp :60701190-ifoodcom Agencia De Restaur', false, NULL, NULL, '{"id": "t_16", "date": "2026-02-25T03:00:00.000Z", "Saldo": "-129,22", "Valor": "-156,46", "amount": -156.46, "vendor": "Enviado: \"cp :60701190-ifoodcom Agencia De Restaur", "Descrição": "Pix enviado: \"Cp :60701190-IFOODCOM AGENCIA DE RESTAURANTES ONLINE SA\"", "description": "Pix enviado: \"Cp :60701190-IFOODCOM AGENCIA DE RESTAURANTES ONLINE SA\"", "categorySlug": "financeiro", "Data Lançamento": "25/02/2026"}', '2026-03-12 04:19:46.75');
INSERT INTO public."Transaction" (id, "organizationId", "uploadId", date, description, amount, "categorySlug", vendor, "isRecurring", "recurrenceType", tags, "rawData", "createdAt") VALUES ('cmmmylhhc000jx2i0p2yw9zl3', 'cmmktxl4b0001vwi0k66j58j6', 'cmmmylhfn0000x2i08zeimw3n', '2026-02-25 03:00:00', 'Salario recebido - Portabilidade: "033 2962 710110672 RAFAEL TUROSSI VARGAS"', 569.22, 'pessoal', '', false, NULL, NULL, '{"id": "t_17", "date": "2026-02-25T03:00:00.000Z", "Saldo": "440,00", "Valor": "569,22", "amount": 569.22, "vendor": "", "Descrição": "Salario recebido - Portabilidade: \"033 2962 710110672 RAFAEL TUROSSI VARGAS\"", "description": "Salario recebido - Portabilidade: \"033 2962 710110672 RAFAEL TUROSSI VARGAS\"", "categorySlug": "pessoal", "Data Lançamento": "25/02/2026"}', '2026-03-12 04:19:46.75');
INSERT INTO public."Transaction" (id, "organizationId", "uploadId", date, description, amount, "categorySlug", vendor, "isRecurring", "recurrenceType", tags, "rawData", "createdAt") VALUES ('cmmmylhhc000kx2i0a1ktue8z', 'cmmktxl4b0001vwi0k66j58j6', 'cmmmylhfn0000x2i08zeimw3n', '2026-02-26 03:00:00', 'Pix enviado: "Cp :49931906-SUPREMA BET LTDA"', -10.43, 'financeiro', 'Enviado: "cp :49931906-suprema Bet', false, NULL, NULL, '{"id": "t_18", "date": "2026-02-26T03:00:00.000Z", "Saldo": "429,57", "Valor": "-10,43", "amount": -10.43, "vendor": "Enviado: \"cp :49931906-suprema Bet", "Descrição": "Pix enviado: \"Cp :49931906-SUPREMA BET LTDA\"", "description": "Pix enviado: \"Cp :49931906-SUPREMA BET LTDA\"", "categorySlug": "financeiro", "Data Lançamento": "26/02/2026"}', '2026-03-12 04:19:46.75');
INSERT INTO public."Transaction" (id, "organizationId", "uploadId", date, description, amount, "categorySlug", vendor, "isRecurring", "recurrenceType", tags, "rawData", "createdAt") VALUES ('cmmmylhhc000lx2i09ogphw7k', 'cmmktxl4b0001vwi0k66j58j6', 'cmmmylhfn0000x2i08zeimw3n', '2026-02-26 03:00:00', 'Compra no debito: "No estabelecimento SUPERMERCADO MENGER SAPUCAIA DO S BRA"', -164.57, 'fornecedores', 'No Debito: "no Estabeleci', false, NULL, NULL, '{"id": "t_19", "date": "2026-02-26T03:00:00.000Z", "Saldo": "265,00", "Valor": "-164,57", "amount": -164.57, "vendor": "No Debito: \"no Estabeleci", "Descrição": "Compra no debito: \"No estabelecimento SUPERMERCADO MENGER SAPUCAIA DO S BRA\"", "description": "Compra no debito: \"No estabelecimento SUPERMERCADO MENGER SAPUCAIA DO S BRA\"", "categorySlug": "fornecedores", "Data Lançamento": "26/02/2026"}', '2026-03-12 04:19:46.75');
INSERT INTO public."Transaction" (id, "organizationId", "uploadId", date, description, amount, "categorySlug", vendor, "isRecurring", "recurrenceType", tags, "rawData", "createdAt") VALUES ('cmmmylhhc000mx2i046mdqdrm', 'cmmktxl4b0001vwi0k66j58j6', 'cmmmylhfn0000x2i08zeimw3n', '2026-02-26 03:00:00', 'Pix enviado: "Cp :49931906-SUPREMA BET LTDA"', -15.00, 'financeiro', 'Enviado: "cp :49931906-suprema Bet', false, NULL, NULL, '{"id": "t_20", "date": "2026-02-26T03:00:00.000Z", "Saldo": "250,00", "Valor": "-15,00", "amount": -15, "vendor": "Enviado: \"cp :49931906-suprema Bet", "Descrição": "Pix enviado: \"Cp :49931906-SUPREMA BET LTDA\"", "description": "Pix enviado: \"Cp :49931906-SUPREMA BET LTDA\"", "categorySlug": "financeiro", "Data Lançamento": "26/02/2026"}', '2026-03-12 04:19:46.75');
INSERT INTO public."Transaction" (id, "organizationId", "uploadId", date, description, amount, "categorySlug", vendor, "isRecurring", "recurrenceType", tags, "rawData", "createdAt") VALUES ('cmmmylhhc000nx2i0y9raqqep', 'cmmktxl4b0001vwi0k66j58j6', 'cmmmylhfn0000x2i08zeimw3n', '2026-02-26 03:00:00', 'Pix enviado: "Cp :18236120-Denner Demkio Toscani"', -35.00, 'financeiro', 'Enviado: "cp :18236120-denner Demkio Toscani"', false, NULL, NULL, '{"id": "t_21", "date": "2026-02-26T03:00:00.000Z", "Saldo": "215,00", "Valor": "-35,00", "amount": -35, "vendor": "Enviado: \"cp :18236120-denner Demkio Toscani\"", "Descrição": "Pix enviado: \"Cp :18236120-Denner Demkio Toscani\"", "description": "Pix enviado: \"Cp :18236120-Denner Demkio Toscani\"", "categorySlug": "financeiro", "Data Lançamento": "26/02/2026"}', '2026-03-12 04:19:46.75');
INSERT INTO public."Transaction" (id, "organizationId", "uploadId", date, description, amount, "categorySlug", vendor, "isRecurring", "recurrenceType", tags, "rawData", "createdAt") VALUES ('cmmmylhhc000ox2i0o4kjgjl3', 'cmmktxl4b0001vwi0k66j58j6', 'cmmmylhfn0000x2i08zeimw3n', '2026-02-26 03:00:00', 'Pix enviado: "Cp :18236120-40123847 Simone das Gracas da Silva"', -42.00, 'financeiro', 'Enviado: "cp :18236120-40123847 Simone Das Gracas ', false, NULL, NULL, '{"id": "t_22", "date": "2026-02-26T03:00:00.000Z", "Saldo": "173,00", "Valor": "-42,00", "amount": -42, "vendor": "Enviado: \"cp :18236120-40123847 Simone Das Gracas ", "Descrição": "Pix enviado: \"Cp :18236120-40123847 Simone das Gracas da Silva\"", "description": "Pix enviado: \"Cp :18236120-40123847 Simone das Gracas da Silva\"", "categorySlug": "financeiro", "Data Lançamento": "26/02/2026"}', '2026-03-12 04:19:46.75');
INSERT INTO public."Transaction" (id, "organizationId", "uploadId", date, description, amount, "categorySlug", vendor, "isRecurring", "recurrenceType", tags, "rawData", "createdAt") VALUES ('cmmmylhhc000px2i0vwxmh0yu', 'cmmktxl4b0001vwi0k66j58j6', 'cmmmylhfn0000x2i08zeimw3n', '2026-02-26 03:00:00', 'Pix recebido: "Cp :90400888-MARCIA DA SILVA XAVIER CARDOSO"', 42.00, 'financeiro', 'Recebido: "cp :90400888-marcia Da Silva Xavier Car', true, 'monthly', NULL, '{"id": "t_23", "date": "2026-02-26T03:00:00.000Z", "Saldo": "215,00", "Valor": "42,00", "amount": 42, "vendor": "Recebido: \"cp :90400888-marcia Da Silva Xavier Car", "Descrição": "Pix recebido: \"Cp :90400888-MARCIA DA SILVA XAVIER CARDOSO\"", "description": "Pix recebido: \"Cp :90400888-MARCIA DA SILVA XAVIER CARDOSO\"", "categorySlug": "financeiro", "Data Lançamento": "26/02/2026"}', '2026-03-12 04:19:46.75');
INSERT INTO public."Transaction" (id, "organizationId", "uploadId", date, description, amount, "categorySlug", vendor, "isRecurring", "recurrenceType", tags, "rawData", "createdAt") VALUES ('cmmmylhhc000qx2i083yd4b9b', 'cmmktxl4b0001vwi0k66j58j6', 'cmmmylhfn0000x2i08zeimw3n', '2026-02-26 03:00:00', 'Pix recebido: "Cp :49931906-SUPREMA BET LTDA"', 45.00, 'financeiro', 'Recebido: "cp :49931906-suprema Bet', false, NULL, NULL, '{"id": "t_24", "date": "2026-02-26T03:00:00.000Z", "Saldo": "260,00", "Valor": "45,00", "amount": 45, "vendor": "Recebido: \"cp :49931906-suprema Bet", "Descrição": "Pix recebido: \"Cp :49931906-SUPREMA BET LTDA\"", "description": "Pix recebido: \"Cp :49931906-SUPREMA BET LTDA\"", "categorySlug": "financeiro", "Data Lançamento": "26/02/2026"}', '2026-03-12 04:19:46.75');
INSERT INTO public."Transaction" (id, "organizationId", "uploadId", date, description, amount, "categorySlug", vendor, "isRecurring", "recurrenceType", tags, "rawData", "createdAt") VALUES ('cmmmylhhc000rx2i0n70kc5q1', 'cmmktxl4b0001vwi0k66j58j6', 'cmmmylhfn0000x2i08zeimw3n', '2026-02-26 03:00:00', 'Pix enviado: "Cp :49931906-SUPREMA BET LTDA"', -20.00, 'financeiro', 'Enviado: "cp :49931906-suprema Bet', false, NULL, NULL, '{"id": "t_25", "date": "2026-02-26T03:00:00.000Z", "Saldo": "240,00", "Valor": "-20,00", "amount": -20, "vendor": "Enviado: \"cp :49931906-suprema Bet", "Descrição": "Pix enviado: \"Cp :49931906-SUPREMA BET LTDA\"", "description": "Pix enviado: \"Cp :49931906-SUPREMA BET LTDA\"", "categorySlug": "financeiro", "Data Lançamento": "26/02/2026"}', '2026-03-12 04:19:46.75');
INSERT INTO public."Transaction" (id, "organizationId", "uploadId", date, description, amount, "categorySlug", vendor, "isRecurring", "recurrenceType", tags, "rawData", "createdAt") VALUES ('cmmmylhhc000sx2i0rfdtt60b', 'cmmktxl4b0001vwi0k66j58j6', 'cmmmylhfn0000x2i08zeimw3n', '2026-02-26 03:00:00', 'Pix enviado: "Cp :49931906-SUPREMA BET LTDA"', -10.00, 'financeiro', 'Enviado: "cp :49931906-suprema Bet', false, NULL, NULL, '{"id": "t_26", "date": "2026-02-26T03:00:00.000Z", "Saldo": "230,00", "Valor": "-10,00", "amount": -10, "vendor": "Enviado: \"cp :49931906-suprema Bet", "Descrição": "Pix enviado: \"Cp :49931906-SUPREMA BET LTDA\"", "description": "Pix enviado: \"Cp :49931906-SUPREMA BET LTDA\"", "categorySlug": "financeiro", "Data Lançamento": "26/02/2026"}', '2026-03-12 04:19:46.75');
INSERT INTO public."Transaction" (id, "organizationId", "uploadId", date, description, amount, "categorySlug", vendor, "isRecurring", "recurrenceType", tags, "rawData", "createdAt") VALUES ('cmmmylhhc000tx2i070bxlbjt', 'cmmktxl4b0001vwi0k66j58j6', 'cmmmylhfn0000x2i08zeimw3n', '2026-02-26 03:00:00', 'Pix recebido: "Cp :49931906-SUPREMA BET LTDA"', 10.00, 'financeiro', 'Recebido: "cp :49931906-suprema Bet', false, NULL, NULL, '{"id": "t_27", "date": "2026-02-26T03:00:00.000Z", "Saldo": "240,00", "Valor": "10,00", "amount": 10, "vendor": "Recebido: \"cp :49931906-suprema Bet", "Descrição": "Pix recebido: \"Cp :49931906-SUPREMA BET LTDA\"", "description": "Pix recebido: \"Cp :49931906-SUPREMA BET LTDA\"", "categorySlug": "financeiro", "Data Lançamento": "26/02/2026"}', '2026-03-12 04:19:46.75');
INSERT INTO public."Transaction" (id, "organizationId", "uploadId", date, description, amount, "categorySlug", vendor, "isRecurring", "recurrenceType", tags, "rawData", "createdAt") VALUES ('cmmmylhhc000ux2i0gzqqrfpx', 'cmmktxl4b0001vwi0k66j58j6', 'cmmmylhfn0000x2i08zeimw3n', '2026-02-26 03:00:00', 'Pix enviado: "Cp :09089356-R7  OIG GAMING BRAZIL"', -10.00, 'financeiro', 'Enviado: "cp :09089356-r7 Oig Gaming Brazil"', false, NULL, NULL, '{"id": "t_28", "date": "2026-02-26T03:00:00.000Z", "Saldo": "230,00", "Valor": "-10,00", "amount": -10, "vendor": "Enviado: \"cp :09089356-r7 Oig Gaming Brazil\"", "Descrição": "Pix enviado: \"Cp :09089356-R7  OIG GAMING BRAZIL\"", "description": "Pix enviado: \"Cp :09089356-R7  OIG GAMING BRAZIL\"", "categorySlug": "financeiro", "Data Lançamento": "26/02/2026"}', '2026-03-12 04:19:46.75');
INSERT INTO public."Transaction" (id, "organizationId", "uploadId", date, description, amount, "categorySlug", vendor, "isRecurring", "recurrenceType", tags, "rawData", "createdAt") VALUES ('cmmmylhhc000vx2i09gkkezd8', 'cmmktxl4b0001vwi0k66j58j6', 'cmmmylhfn0000x2i08zeimw3n', '2026-02-27 03:00:00', 'Pix recebido: "Cp :49931906-SUPREMA BET LTDA"', 75.00, 'financeiro', 'Recebido: "cp :49931906-suprema Bet', false, NULL, NULL, '{"id": "t_29", "date": "2026-02-27T03:00:00.000Z", "Saldo": "305,00", "Valor": "75,00", "amount": 75, "vendor": "Recebido: \"cp :49931906-suprema Bet", "Descrição": "Pix recebido: \"Cp :49931906-SUPREMA BET LTDA\"", "description": "Pix recebido: \"Cp :49931906-SUPREMA BET LTDA\"", "categorySlug": "financeiro", "Data Lançamento": "27/02/2026"}', '2026-03-12 04:19:46.75');
INSERT INTO public."Transaction" (id, "organizationId", "uploadId", date, description, amount, "categorySlug", vendor, "isRecurring", "recurrenceType", tags, "rawData", "createdAt") VALUES ('cmmmylhhd000wx2i0ojk70v0r', 'cmmktxl4b0001vwi0k66j58j6', 'cmmmylhfn0000x2i08zeimw3n', '2026-02-27 03:00:00', 'Pix enviado: "Cp :49931906-SUPREMA BET LTDA"', -20.00, 'financeiro', 'Enviado: "cp :49931906-suprema Bet', false, NULL, NULL, '{"id": "t_30", "date": "2026-02-27T03:00:00.000Z", "Saldo": "285,00", "Valor": "-20,00", "amount": -20, "vendor": "Enviado: \"cp :49931906-suprema Bet", "Descrição": "Pix enviado: \"Cp :49931906-SUPREMA BET LTDA\"", "description": "Pix enviado: \"Cp :49931906-SUPREMA BET LTDA\"", "categorySlug": "financeiro", "Data Lançamento": "27/02/2026"}', '2026-03-12 04:19:46.75');
INSERT INTO public."Transaction" (id, "organizationId", "uploadId", date, description, amount, "categorySlug", vendor, "isRecurring", "recurrenceType", tags, "rawData", "createdAt") VALUES ('cmmmylhhd000xx2i0bv29jj2s', 'cmmktxl4b0001vwi0k66j58j6', 'cmmmylhfn0000x2i08zeimw3n', '2026-02-27 03:00:00', 'Pix recebido: "Cp :49931906-SUPREMA BET LTDA"', 10.00, 'financeiro', 'Recebido: "cp :49931906-suprema Bet', false, NULL, NULL, '{"id": "t_31", "date": "2026-02-27T03:00:00.000Z", "Saldo": "295,00", "Valor": "10,00", "amount": 10, "vendor": "Recebido: \"cp :49931906-suprema Bet", "Descrição": "Pix recebido: \"Cp :49931906-SUPREMA BET LTDA\"", "description": "Pix recebido: \"Cp :49931906-SUPREMA BET LTDA\"", "categorySlug": "financeiro", "Data Lançamento": "27/02/2026"}', '2026-03-12 04:19:46.75');
INSERT INTO public."Transaction" (id, "organizationId", "uploadId", date, description, amount, "categorySlug", vendor, "isRecurring", "recurrenceType", tags, "rawData", "createdAt") VALUES ('cmmmylhhd000yx2i0hgoo1qrl', 'cmmktxl4b0001vwi0k66j58j6', 'cmmmylhfn0000x2i08zeimw3n', '2026-02-27 03:00:00', 'Pix enviado: "Cp :49931906-SUPREMA BET LTDA"', -10.00, 'financeiro', 'Enviado: "cp :49931906-suprema Bet', false, NULL, NULL, '{"id": "t_32", "date": "2026-02-27T03:00:00.000Z", "Saldo": "285,00", "Valor": "-10,00", "amount": -10, "vendor": "Enviado: \"cp :49931906-suprema Bet", "Descrição": "Pix enviado: \"Cp :49931906-SUPREMA BET LTDA\"", "description": "Pix enviado: \"Cp :49931906-SUPREMA BET LTDA\"", "categorySlug": "financeiro", "Data Lançamento": "27/02/2026"}', '2026-03-12 04:19:46.75');
INSERT INTO public."Transaction" (id, "organizationId", "uploadId", date, description, amount, "categorySlug", vendor, "isRecurring", "recurrenceType", tags, "rawData", "createdAt") VALUES ('cmmmylhhd000zx2i0ebymwtcp', 'cmmktxl4b0001vwi0k66j58j6', 'cmmmylhfn0000x2i08zeimw3n', '2026-02-28 03:00:00', 'Pix enviado: "Cp :18236120-Ana Paula da Silva"', -50.00, 'financeiro', 'Enviado: "cp :18236120-ana Paula Da Silva"', false, NULL, NULL, '{"id": "t_33", "date": "2026-02-28T03:00:00.000Z", "Saldo": "235,00", "Valor": "-50,00", "amount": -50, "vendor": "Enviado: \"cp :18236120-ana Paula Da Silva\"", "Descrição": "Pix enviado: \"Cp :18236120-Ana Paula da Silva\"", "description": "Pix enviado: \"Cp :18236120-Ana Paula da Silva\"", "categorySlug": "financeiro", "Data Lançamento": "28/02/2026"}', '2026-03-12 04:19:46.75');
INSERT INTO public."Transaction" (id, "organizationId", "uploadId", date, description, amount, "categorySlug", vendor, "isRecurring", "recurrenceType", tags, "rawData", "createdAt") VALUES ('cmmmylhhd0010x2i0jsbjli0w', 'cmmktxl4b0001vwi0k66j58j6', 'cmmmylhfn0000x2i08zeimw3n', '2026-02-28 03:00:00', 'Pix enviado: "Cp :49931906-SUPREMA BET LTDA"', -17.00, 'financeiro', 'Enviado: "cp :49931906-suprema Bet', false, NULL, NULL, '{"id": "t_34", "date": "2026-02-28T03:00:00.000Z", "Saldo": "218,00", "Valor": "-17,00", "amount": -17, "vendor": "Enviado: \"cp :49931906-suprema Bet", "Descrição": "Pix enviado: \"Cp :49931906-SUPREMA BET LTDA\"", "description": "Pix enviado: \"Cp :49931906-SUPREMA BET LTDA\"", "categorySlug": "financeiro", "Data Lançamento": "28/02/2026"}', '2026-03-12 04:19:46.75');
INSERT INTO public."Transaction" (id, "organizationId", "uploadId", date, description, amount, "categorySlug", vendor, "isRecurring", "recurrenceType", tags, "rawData", "createdAt") VALUES ('cmmmylhhd0011x2i0rcc5ecqg', 'cmmktxl4b0001vwi0k66j58j6', 'cmmmylhfn0000x2i08zeimw3n', '2026-02-28 03:00:00', 'Pix enviado: "Cp :01027058-JETSHR LTDA"', -33.00, 'financeiro', 'Enviado: "cp :01027058-jetshr', false, NULL, NULL, '{"id": "t_35", "date": "2026-02-28T03:00:00.000Z", "Saldo": "185,00", "Valor": "-33,00", "amount": -33, "vendor": "Enviado: \"cp :01027058-jetshr", "Descrição": "Pix enviado: \"Cp :01027058-JETSHR LTDA\"", "description": "Pix enviado: \"Cp :01027058-JETSHR LTDA\"", "categorySlug": "financeiro", "Data Lançamento": "28/02/2026"}', '2026-03-12 04:19:46.75');
INSERT INTO public."Transaction" (id, "organizationId", "uploadId", date, description, amount, "categorySlug", vendor, "isRecurring", "recurrenceType", tags, "rawData", "createdAt") VALUES ('cmmmylhhd0012x2i03lo0id45', 'cmmktxl4b0001vwi0k66j58j6', 'cmmmylhfn0000x2i08zeimw3n', '2026-02-28 03:00:00', 'Pix enviado: "Cp :49931906-SUPREMA BET LTDA"', -11.06, 'financeiro', 'Enviado: "cp :49931906-suprema Bet', false, NULL, NULL, '{"id": "t_36", "date": "2026-02-28T03:00:00.000Z", "Saldo": "173,94", "Valor": "-11,06", "amount": -11.06, "vendor": "Enviado: \"cp :49931906-suprema Bet", "Descrição": "Pix enviado: \"Cp :49931906-SUPREMA BET LTDA\"", "description": "Pix enviado: \"Cp :49931906-SUPREMA BET LTDA\"", "categorySlug": "financeiro", "Data Lançamento": "28/02/2026"}', '2026-03-12 04:19:46.75');
INSERT INTO public."Transaction" (id, "organizationId", "uploadId", date, description, amount, "categorySlug", vendor, "isRecurring", "recurrenceType", tags, "rawData", "createdAt") VALUES ('cmmmylhhd0013x2i0rg366zyp', 'cmmktxl4b0001vwi0k66j58j6', 'cmmmylhfn0000x2i08zeimw3n', '2026-02-28 03:00:00', 'Compra no debito: "No estabelecimento R SELAU LUMERTZ AMP CI CAPAO DA CANO BRA"', -58.94, 'fornecedores', 'No Debito: "no Estabeleci', false, NULL, NULL, '{"id": "t_37", "date": "2026-02-28T03:00:00.000Z", "Saldo": "115,00", "Valor": "-58,94", "amount": -58.94, "vendor": "No Debito: \"no Estabeleci", "Descrição": "Compra no debito: \"No estabelecimento R SELAU LUMERTZ AMP CI CAPAO DA CANO BRA\"", "description": "Compra no debito: \"No estabelecimento R SELAU LUMERTZ AMP CI CAPAO DA CANO BRA\"", "categorySlug": "fornecedores", "Data Lançamento": "28/02/2026"}', '2026-03-12 04:19:46.75');
INSERT INTO public."Transaction" (id, "organizationId", "uploadId", date, description, amount, "categorySlug", vendor, "isRecurring", "recurrenceType", tags, "rawData", "createdAt") VALUES ('cmmmylhhd0014x2i0kodf291z', 'cmmktxl4b0001vwi0k66j58j6', 'cmmmylhfn0000x2i08zeimw3n', '2026-02-28 03:00:00', 'Pix recebido: "Cp :49931906-SUPREMA BET LTDA"', 20.00, 'financeiro', 'Recebido: "cp :49931906-suprema Bet', false, NULL, NULL, '{"id": "t_38", "date": "2026-02-28T03:00:00.000Z", "Saldo": "135,00", "Valor": "20,00", "amount": 20, "vendor": "Recebido: \"cp :49931906-suprema Bet", "Descrição": "Pix recebido: \"Cp :49931906-SUPREMA BET LTDA\"", "description": "Pix recebido: \"Cp :49931906-SUPREMA BET LTDA\"", "categorySlug": "financeiro", "Data Lançamento": "28/02/2026"}', '2026-03-12 04:19:46.75');
INSERT INTO public."Transaction" (id, "organizationId", "uploadId", date, description, amount, "categorySlug", vendor, "isRecurring", "recurrenceType", tags, "rawData", "createdAt") VALUES ('cmmmylhhd0015x2i09mc5vxib', 'cmmktxl4b0001vwi0k66j58j6', 'cmmmylhfn0000x2i08zeimw3n', '2026-02-28 03:00:00', 'Pix enviado: "Cp :49931906-SUPREMA BET LTDA"', -10.00, 'financeiro', 'Enviado: "cp :49931906-suprema Bet', false, NULL, NULL, '{"id": "t_39", "date": "2026-02-28T03:00:00.000Z", "Saldo": "125,00", "Valor": "-10,00", "amount": -10, "vendor": "Enviado: \"cp :49931906-suprema Bet", "Descrição": "Pix enviado: \"Cp :49931906-SUPREMA BET LTDA\"", "description": "Pix enviado: \"Cp :49931906-SUPREMA BET LTDA\"", "categorySlug": "financeiro", "Data Lançamento": "28/02/2026"}', '2026-03-12 04:19:46.75');
INSERT INTO public."Transaction" (id, "organizationId", "uploadId", date, description, amount, "categorySlug", vendor, "isRecurring", "recurrenceType", tags, "rawData", "createdAt") VALUES ('cmmmylhhd0016x2i0a1txx6xa', 'cmmktxl4b0001vwi0k66j58j6', 'cmmmylhfn0000x2i08zeimw3n', '2026-02-28 03:00:00', 'Pix recebido: "Cp :49931906-SUPREMA BET LTDA"', 10.00, 'financeiro', 'Recebido: "cp :49931906-suprema Bet', false, NULL, NULL, '{"id": "t_40", "date": "2026-02-28T03:00:00.000Z", "Saldo": "135,00", "Valor": "10,00", "amount": 10, "vendor": "Recebido: \"cp :49931906-suprema Bet", "Descrição": "Pix recebido: \"Cp :49931906-SUPREMA BET LTDA\"", "description": "Pix recebido: \"Cp :49931906-SUPREMA BET LTDA\"", "categorySlug": "financeiro", "Data Lançamento": "28/02/2026"}', '2026-03-12 04:19:46.75');
INSERT INTO public."Transaction" (id, "organizationId", "uploadId", date, description, amount, "categorySlug", vendor, "isRecurring", "recurrenceType", tags, "rawData", "createdAt") VALUES ('cmmmylhhd0017x2i0gdf47q55', 'cmmktxl4b0001vwi0k66j58j6', 'cmmmylhfn0000x2i08zeimw3n', '2026-02-28 03:00:00', 'Pix enviado: "Cp :49931906-SUPREMA BET LTDA"', -15.00, 'financeiro', 'Enviado: "cp :49931906-suprema Bet', false, NULL, NULL, '{"id": "t_41", "date": "2026-02-28T03:00:00.000Z", "Saldo": "120,00", "Valor": "-15,00", "amount": -15, "vendor": "Enviado: \"cp :49931906-suprema Bet", "Descrição": "Pix enviado: \"Cp :49931906-SUPREMA BET LTDA\"", "description": "Pix enviado: \"Cp :49931906-SUPREMA BET LTDA\"", "categorySlug": "financeiro", "Data Lançamento": "28/02/2026"}', '2026-03-12 04:19:46.75');
INSERT INTO public."Transaction" (id, "organizationId", "uploadId", date, description, amount, "categorySlug", vendor, "isRecurring", "recurrenceType", tags, "rawData", "createdAt") VALUES ('cmmmylhhd0018x2i0ibac7ywq', 'cmmktxl4b0001vwi0k66j58j6', 'cmmmylhfn0000x2i08zeimw3n', '2026-01-03 03:00:00', 'Pix recebido: "Cp :49931906-SUPREMA BET LTDA"', 185.00, 'financeiro', 'Recebido: "cp :49931906-suprema Bet', false, NULL, NULL, '{"id": "t_42", "date": "2026-01-03T03:00:00.000Z", "Saldo": "305,00", "Valor": "185,00", "amount": 185, "vendor": "Recebido: \"cp :49931906-suprema Bet", "Descrição": "Pix recebido: \"Cp :49931906-SUPREMA BET LTDA\"", "description": "Pix recebido: \"Cp :49931906-SUPREMA BET LTDA\"", "categorySlug": "financeiro", "Data Lançamento": "01/03/2026"}', '2026-03-12 04:19:46.75');
INSERT INTO public."Transaction" (id, "organizationId", "uploadId", date, description, amount, "categorySlug", vendor, "isRecurring", "recurrenceType", tags, "rawData", "createdAt") VALUES ('cmmmylhhd0019x2i0pxst01b2', 'cmmktxl4b0001vwi0k66j58j6', 'cmmmylhfn0000x2i08zeimw3n', '2026-01-03 03:00:00', 'Pix enviado: "Cp :49931906-SUPREMA BET LTDA"', -15.02, 'financeiro', 'Enviado: "cp :49931906-suprema Bet', false, NULL, NULL, '{"id": "t_43", "date": "2026-01-03T03:00:00.000Z", "Saldo": "289,98", "Valor": "-15,02", "amount": -15.02, "vendor": "Enviado: \"cp :49931906-suprema Bet", "Descrição": "Pix enviado: \"Cp :49931906-SUPREMA BET LTDA\"", "description": "Pix enviado: \"Cp :49931906-SUPREMA BET LTDA\"", "categorySlug": "financeiro", "Data Lançamento": "01/03/2026"}', '2026-03-12 04:19:46.75');
INSERT INTO public."Transaction" (id, "organizationId", "uploadId", date, description, amount, "categorySlug", vendor, "isRecurring", "recurrenceType", tags, "rawData", "createdAt") VALUES ('cmmmylhhd001ax2i0l3c7pv0k', 'cmmktxl4b0001vwi0k66j58j6', 'cmmmylhfn0000x2i08zeimw3n', '2026-01-03 03:00:00', 'Pix enviado: "Cp :19468242-IFOODCOM AGENCIA DE RESTAURANTES ONLINE SA"', -29.98, 'financeiro', 'Enviado: "cp :19468242-ifoodcom Agencia De Restaur', false, NULL, NULL, '{"id": "t_44", "date": "2026-01-03T03:00:00.000Z", "Saldo": "260,00", "Valor": "-29,98", "amount": -29.98, "vendor": "Enviado: \"cp :19468242-ifoodcom Agencia De Restaur", "Descrição": "Pix enviado: \"Cp :19468242-IFOODCOM AGENCIA DE RESTAURANTES ONLINE SA\"", "description": "Pix enviado: \"Cp :19468242-IFOODCOM AGENCIA DE RESTAURANTES ONLINE SA\"", "categorySlug": "financeiro", "Data Lançamento": "01/03/2026"}', '2026-03-12 04:19:46.75');
INSERT INTO public."Transaction" (id, "organizationId", "uploadId", date, description, amount, "categorySlug", vendor, "isRecurring", "recurrenceType", tags, "rawData", "createdAt") VALUES ('cmmmylhhd001bx2i0nmcqqju7', 'cmmktxl4b0001vwi0k66j58j6', 'cmmmylhfn0000x2i08zeimw3n', '2026-01-03 03:00:00', 'Pix enviado: "Cp :49931906-SUPREMA BET LTDA"', -12.00, 'financeiro', 'Enviado: "cp :49931906-suprema Bet', false, NULL, NULL, '{"id": "t_45", "date": "2026-01-03T03:00:00.000Z", "Saldo": "248,00", "Valor": "-12,00", "amount": -12, "vendor": "Enviado: \"cp :49931906-suprema Bet", "Descrição": "Pix enviado: \"Cp :49931906-SUPREMA BET LTDA\"", "description": "Pix enviado: \"Cp :49931906-SUPREMA BET LTDA\"", "categorySlug": "financeiro", "Data Lançamento": "01/03/2026"}', '2026-03-12 04:19:46.75');
INSERT INTO public."Transaction" (id, "organizationId", "uploadId", date, description, amount, "categorySlug", vendor, "isRecurring", "recurrenceType", tags, "rawData", "createdAt") VALUES ('cmmmylhhd001cx2i0ovtr5ord', 'cmmktxl4b0001vwi0k66j58j6', 'cmmmylhfn0000x2i08zeimw3n', '2026-01-03 03:00:00', 'Compra no debito: "No estabelecimento STB*FIVEORANGECOMERCIA Sao Paulo BRA"', -38.00, 'fornecedores', 'No Debito: "no Estabeleci', false, NULL, NULL, '{"id": "t_46", "date": "2026-01-03T03:00:00.000Z", "Saldo": "210,00", "Valor": "-38,00", "amount": -38, "vendor": "No Debito: \"no Estabeleci", "Descrição": "Compra no debito: \"No estabelecimento STB*FIVEORANGECOMERCIA Sao Paulo BRA\"", "description": "Compra no debito: \"No estabelecimento STB*FIVEORANGECOMERCIA Sao Paulo BRA\"", "categorySlug": "fornecedores", "Data Lançamento": "01/03/2026"}', '2026-03-12 04:19:46.75');
INSERT INTO public."Transaction" (id, "organizationId", "uploadId", date, description, amount, "categorySlug", vendor, "isRecurring", "recurrenceType", tags, "rawData", "createdAt") VALUES ('cmmmylhhd001dx2i0ge4hmxaa', 'cmmktxl4b0001vwi0k66j58j6', 'cmmmylhfn0000x2i08zeimw3n', '2026-02-03 03:00:00', 'Pix enviado: "Cp :49931906-SUPREMA BET LTDA"', -12.11, 'financeiro', 'Enviado: "cp :49931906-suprema Bet', false, NULL, NULL, '{"id": "t_47", "date": "2026-02-03T03:00:00.000Z", "Saldo": "197,89", "Valor": "-12,11", "amount": -12.11, "vendor": "Enviado: \"cp :49931906-suprema Bet", "Descrição": "Pix enviado: \"Cp :49931906-SUPREMA BET LTDA\"", "description": "Pix enviado: \"Cp :49931906-SUPREMA BET LTDA\"", "categorySlug": "financeiro", "Data Lançamento": "02/03/2026"}', '2026-03-12 04:19:46.75');
INSERT INTO public."Transaction" (id, "organizationId", "uploadId", date, description, amount, "categorySlug", vendor, "isRecurring", "recurrenceType", tags, "rawData", "createdAt") VALUES ('cmmmylhhd001ex2i0pcjw8vtp', 'cmmktxl4b0001vwi0k66j58j6', 'cmmmylhfn0000x2i08zeimw3n', '2026-02-03 03:00:00', 'Compra no debito: "No estabelecimento SUPERMERCADO MENGER SAPUCAIA DO S BRA"', -127.89, 'fornecedores', 'No Debito: "no Estabeleci', false, NULL, NULL, '{"id": "t_48", "date": "2026-02-03T03:00:00.000Z", "Saldo": "70,00", "Valor": "-127,89", "amount": -127.89, "vendor": "No Debito: \"no Estabeleci", "Descrição": "Compra no debito: \"No estabelecimento SUPERMERCADO MENGER SAPUCAIA DO S BRA\"", "description": "Compra no debito: \"No estabelecimento SUPERMERCADO MENGER SAPUCAIA DO S BRA\"", "categorySlug": "fornecedores", "Data Lançamento": "02/03/2026"}', '2026-03-12 04:19:46.75');
INSERT INTO public."Transaction" (id, "organizationId", "uploadId", date, description, amount, "categorySlug", vendor, "isRecurring", "recurrenceType", tags, "rawData", "createdAt") VALUES ('cmmmylhhd001fx2i0ae78ak69', 'cmmktxl4b0001vwi0k66j58j6', 'cmmmylhfn0000x2i08zeimw3n', '2026-02-03 03:00:00', 'Pix enviado: "Cp :49931906-SUPREMA BET LTDA"', -7.99, 'financeiro', 'Enviado: "cp :49931906-suprema Bet', false, NULL, NULL, '{"id": "t_49", "date": "2026-02-03T03:00:00.000Z", "Saldo": "62,01", "Valor": "-7,99", "amount": -7.99, "vendor": "Enviado: \"cp :49931906-suprema Bet", "Descrição": "Pix enviado: \"Cp :49931906-SUPREMA BET LTDA\"", "description": "Pix enviado: \"Cp :49931906-SUPREMA BET LTDA\"", "categorySlug": "financeiro", "Data Lançamento": "02/03/2026"}', '2026-03-12 04:19:46.75');
INSERT INTO public."Transaction" (id, "organizationId", "uploadId", date, description, amount, "categorySlug", vendor, "isRecurring", "recurrenceType", tags, "rawData", "createdAt") VALUES ('cmmmylhhd001gx2i03prhmb6z', 'cmmktxl4b0001vwi0k66j58j6', 'cmmmylhfn0000x2i08zeimw3n', '2026-02-03 03:00:00', 'Compra no debito: "No estabelecimento ZP*ANA PAULA58657 SAPUCAIA DO S BRA"', -2.01, 'fornecedores', 'No Debito: "no Estabeleci', false, NULL, NULL, '{"id": "t_50", "date": "2026-02-03T03:00:00.000Z", "Saldo": "60,00", "Valor": "-2,01", "amount": -2.01, "vendor": "No Debito: \"no Estabeleci", "Descrição": "Compra no debito: \"No estabelecimento ZP*ANA PAULA58657 SAPUCAIA DO S BRA\"", "description": "Compra no debito: \"No estabelecimento ZP*ANA PAULA58657 SAPUCAIA DO S BRA\"", "categorySlug": "fornecedores", "Data Lançamento": "02/03/2026"}', '2026-03-12 04:19:46.75');
INSERT INTO public."Transaction" (id, "organizationId", "uploadId", date, description, amount, "categorySlug", vendor, "isRecurring", "recurrenceType", tags, "rawData", "createdAt") VALUES ('cmmmylhhd001hx2i02bkwjbx7', 'cmmktxl4b0001vwi0k66j58j6', 'cmmmylhfn0000x2i08zeimw3n', '2026-03-03 03:00:00', 'Pix enviado: "Cp :49931906-SUPREMA BET LTDA"', -10.00, 'financeiro', 'Enviado: "cp :49931906-suprema Bet', false, NULL, NULL, '{"id": "t_51", "date": "2026-03-03T03:00:00.000Z", "Saldo": "50,00", "Valor": "-10,00", "amount": -10, "vendor": "Enviado: \"cp :49931906-suprema Bet", "Descrição": "Pix enviado: \"Cp :49931906-SUPREMA BET LTDA\"", "description": "Pix enviado: \"Cp :49931906-SUPREMA BET LTDA\"", "categorySlug": "financeiro", "Data Lançamento": "03/03/2026"}', '2026-03-12 04:19:46.75');
INSERT INTO public."Transaction" (id, "organizationId", "uploadId", date, description, amount, "categorySlug", vendor, "isRecurring", "recurrenceType", tags, "rawData", "createdAt") VALUES ('cmmmylhhd001ix2i0j49zem9a', 'cmmktxl4b0001vwi0k66j58j6', 'cmmmylhfn0000x2i08zeimw3n', '2026-03-03 03:00:00', 'Pix enviado: "Cp :10573521-PIX Marketplace"', -59.40, 'financeiro', 'Enviado: "cp :10573521-pix Marketplace"', false, NULL, NULL, '{"id": "t_52", "date": "2026-03-03T03:00:00.000Z", "Saldo": "-9,40", "Valor": "-59,40", "amount": -59.4, "vendor": "Enviado: \"cp :10573521-pix Marketplace\"", "Descrição": "Pix enviado: \"Cp :10573521-PIX Marketplace\"", "description": "Pix enviado: \"Cp :10573521-PIX Marketplace\"", "categorySlug": "financeiro", "Data Lançamento": "03/03/2026"}', '2026-03-12 04:19:46.75');
INSERT INTO public."Transaction" (id, "organizationId", "uploadId", date, description, amount, "categorySlug", vendor, "isRecurring", "recurrenceType", tags, "rawData", "createdAt") VALUES ('cmmmylhhd001jx2i09pcv46tg', 'cmmktxl4b0001vwi0k66j58j6', 'cmmmylhfn0000x2i08zeimw3n', '2026-03-03 03:00:00', 'Pix enviado: "Cp :49931906-SUPREMA BET LTDA"', -10.00, 'financeiro', 'Enviado: "cp :49931906-suprema Bet', false, NULL, NULL, '{"id": "t_53", "date": "2026-03-03T03:00:00.000Z", "Saldo": "-19,40", "Valor": "-10,00", "amount": -10, "vendor": "Enviado: \"cp :49931906-suprema Bet", "Descrição": "Pix enviado: \"Cp :49931906-SUPREMA BET LTDA\"", "description": "Pix enviado: \"Cp :49931906-SUPREMA BET LTDA\"", "categorySlug": "financeiro", "Data Lançamento": "03/03/2026"}', '2026-03-12 04:19:46.75');
INSERT INTO public."Transaction" (id, "organizationId", "uploadId", date, description, amount, "categorySlug", vendor, "isRecurring", "recurrenceType", tags, "rawData", "createdAt") VALUES ('cmmmylhhd001kx2i09jqzl49z', 'cmmktxl4b0001vwi0k66j58j6', 'cmmmylhfn0000x2i08zeimw3n', '2026-03-03 03:00:00', 'Pix enviado: "Cp :49931906-SUPREMA BET LTDA"', -4.00, 'financeiro', 'Enviado: "cp :49931906-suprema Bet', false, NULL, NULL, '{"id": "t_54", "date": "2026-03-03T03:00:00.000Z", "Saldo": "-23,40", "Valor": "-4,00", "amount": -4, "vendor": "Enviado: \"cp :49931906-suprema Bet", "Descrição": "Pix enviado: \"Cp :49931906-SUPREMA BET LTDA\"", "description": "Pix enviado: \"Cp :49931906-SUPREMA BET LTDA\"", "categorySlug": "financeiro", "Data Lançamento": "03/03/2026"}', '2026-03-12 04:19:46.75');
INSERT INTO public."Transaction" (id, "organizationId", "uploadId", date, description, amount, "categorySlug", vendor, "isRecurring", "recurrenceType", tags, "rawData", "createdAt") VALUES ('cmmmylhhd001lx2i0ok1peajh', 'cmmktxl4b0001vwi0k66j58j6', 'cmmmylhfn0000x2i08zeimw3n', '2026-03-03 03:00:00', 'Pix recebido: "Cp :18236120-40.123.847 SIMONE DAS GRACAS DA SILVA"', 54.00, 'financeiro', 'Recebido: "cp :18236120-40.123.847 Simone Das Grac', false, NULL, NULL, '{"id": "t_55", "date": "2026-03-03T03:00:00.000Z", "Saldo": "30,60", "Valor": "54,00", "amount": 54, "vendor": "Recebido: \"cp :18236120-40.123.847 Simone Das Grac", "Descrição": "Pix recebido: \"Cp :18236120-40.123.847 SIMONE DAS GRACAS DA SILVA\"", "description": "Pix recebido: \"Cp :18236120-40.123.847 SIMONE DAS GRACAS DA SILVA\"", "categorySlug": "financeiro", "Data Lançamento": "03/03/2026"}', '2026-03-12 04:19:46.75');
INSERT INTO public."Transaction" (id, "organizationId", "uploadId", date, description, amount, "categorySlug", vendor, "isRecurring", "recurrenceType", tags, "rawData", "createdAt") VALUES ('cmmmylhhd001mx2i0y7xfjbf6', 'cmmktxl4b0001vwi0k66j58j6', 'cmmmylhfn0000x2i08zeimw3n', '2026-03-03 03:00:00', 'Pix enviado: "Cp :49931906-SUPREMA BET LTDA"', -10.00, 'financeiro', 'Enviado: "cp :49931906-suprema Bet', false, NULL, NULL, '{"id": "t_56", "date": "2026-03-03T03:00:00.000Z", "Saldo": "20,60", "Valor": "-10,00", "amount": -10, "vendor": "Enviado: \"cp :49931906-suprema Bet", "Descrição": "Pix enviado: \"Cp :49931906-SUPREMA BET LTDA\"", "description": "Pix enviado: \"Cp :49931906-SUPREMA BET LTDA\"", "categorySlug": "financeiro", "Data Lançamento": "03/03/2026"}', '2026-03-12 04:19:46.75');
INSERT INTO public."Transaction" (id, "organizationId", "uploadId", date, description, amount, "categorySlug", vendor, "isRecurring", "recurrenceType", tags, "rawData", "createdAt") VALUES ('cmmmylhhd001nx2i0ka9cvp0z', 'cmmktxl4b0001vwi0k66j58j6', 'cmmmylhfn0000x2i08zeimw3n', '2026-05-03 03:00:00', 'Pix enviado: "Cp :18236120-Ana Paula da Silva"', -20.00, 'financeiro', 'Enviado: "cp :18236120-ana Paula Da Silva"', false, NULL, NULL, '{"id": "t_57", "date": "2026-05-03T03:00:00.000Z", "Saldo": "0,60", "Valor": "-20,00", "amount": -20, "vendor": "Enviado: \"cp :18236120-ana Paula Da Silva\"", "Descrição": "Pix enviado: \"Cp :18236120-Ana Paula da Silva\"", "description": "Pix enviado: \"Cp :18236120-Ana Paula da Silva\"", "categorySlug": "financeiro", "Data Lançamento": "05/03/2026"}', '2026-03-12 04:19:46.75');
INSERT INTO public."Transaction" (id, "organizationId", "uploadId", date, description, amount, "categorySlug", vendor, "isRecurring", "recurrenceType", tags, "rawData", "createdAt") VALUES ('cmmmylhhd001ox2i0ir8zvn6f', 'cmmktxl4b0001vwi0k66j58j6', 'cmmmylhfn0000x2i08zeimw3n', '2026-06-03 03:00:00', 'Pix enviado: "Cp :18236120-40123847 Simone das Gracas da Silva"', -45.00, 'financeiro', 'Enviado: "cp :18236120-40123847 Simone Das Gracas ', false, NULL, NULL, '{"id": "t_58", "date": "2026-06-03T03:00:00.000Z", "Saldo": "-44,40", "Valor": "-45,00", "amount": -45, "vendor": "Enviado: \"cp :18236120-40123847 Simone Das Gracas ", "Descrição": "Pix enviado: \"Cp :18236120-40123847 Simone das Gracas da Silva\"", "description": "Pix enviado: \"Cp :18236120-40123847 Simone das Gracas da Silva\"", "categorySlug": "financeiro", "Data Lançamento": "06/03/2026"}', '2026-03-12 04:19:46.75');
INSERT INTO public."Transaction" (id, "organizationId", "uploadId", date, description, amount, "categorySlug", vendor, "isRecurring", "recurrenceType", tags, "rawData", "createdAt") VALUES ('cmmmylhhd001px2i06r9r25dn', 'cmmktxl4b0001vwi0k66j58j6', 'cmmmylhfn0000x2i08zeimw3n', '2026-06-03 03:00:00', 'Pix recebido: "Cp :18236120-Mohana Schaffel Nunes"', 46.00, 'financeiro', 'Recebido: "cp :18236120-mohana Schaffel Nunes"', false, NULL, NULL, '{"id": "t_59", "date": "2026-06-03T03:00:00.000Z", "Saldo": "1,60", "Valor": "46,00", "amount": 46, "vendor": "Recebido: \"cp :18236120-mohana Schaffel Nunes\"", "Descrição": "Pix recebido: \"Cp :18236120-Mohana Schaffel Nunes\"", "description": "Pix recebido: \"Cp :18236120-Mohana Schaffel Nunes\"", "categorySlug": "financeiro", "Data Lançamento": "06/03/2026"}', '2026-03-12 04:19:46.75');
INSERT INTO public."Transaction" (id, "organizationId", "uploadId", date, description, amount, "categorySlug", vendor, "isRecurring", "recurrenceType", tags, "rawData", "createdAt") VALUES ('cmmmylhhd001qx2i02hqtearj', 'cmmktxl4b0001vwi0k66j58j6', 'cmmmylhfn0000x2i08zeimw3n', '2026-06-03 03:00:00', 'Pix enviado: "Cp :08561701-Debora da Silva Cervo da Silva"', -24.00, 'financeiro', 'Enviado: "cp :08561701-debora Da Silva Cervo Da Si', false, NULL, NULL, '{"id": "t_60", "date": "2026-06-03T03:00:00.000Z", "Saldo": "-22,40", "Valor": "-24,00", "amount": -24, "vendor": "Enviado: \"cp :08561701-debora Da Silva Cervo Da Si", "Descrição": "Pix enviado: \"Cp :08561701-Debora da Silva Cervo da Silva\"", "description": "Pix enviado: \"Cp :08561701-Debora da Silva Cervo da Silva\"", "categorySlug": "financeiro", "Data Lançamento": "06/03/2026"}', '2026-03-12 04:19:46.75');
INSERT INTO public."Transaction" (id, "organizationId", "uploadId", date, description, amount, "categorySlug", vendor, "isRecurring", "recurrenceType", tags, "rawData", "createdAt") VALUES ('cmmmylhhd001rx2i0ajg3a8hr', 'cmmktxl4b0001vwi0k66j58j6', 'cmmmylhfn0000x2i08zeimw3n', '2026-06-03 03:00:00', 'Pix recebido: "Cp :22896431-Roger Luan Rodrigues De Lacerda"', 23.00, 'financeiro', 'Recebido: "cp :22896431-roger Luan Rodrigues De La', false, NULL, NULL, '{"id": "t_61", "date": "2026-06-03T03:00:00.000Z", "Saldo": "0,60", "Valor": "23,00", "amount": 23, "vendor": "Recebido: \"cp :22896431-roger Luan Rodrigues De La", "Descrição": "Pix recebido: \"Cp :22896431-Roger Luan Rodrigues De Lacerda\"", "description": "Pix recebido: \"Cp :22896431-Roger Luan Rodrigues De Lacerda\"", "categorySlug": "financeiro", "Data Lançamento": "06/03/2026"}', '2026-03-12 04:19:46.75');
INSERT INTO public."Transaction" (id, "organizationId", "uploadId", date, description, amount, "categorySlug", vendor, "isRecurring", "recurrenceType", tags, "rawData", "createdAt") VALUES ('cmmmylhhd001sx2i07vbg1qlq', 'cmmktxl4b0001vwi0k66j58j6', 'cmmmylhfn0000x2i08zeimw3n', '2026-06-03 03:00:00', 'Compra no debito: "No estabelecimento PAO DA HORA SAPUCAIA DO S BRA"', -75.10, 'fornecedores', 'No Debito: "no Estabeleci', false, NULL, NULL, '{"id": "t_62", "date": "2026-06-03T03:00:00.000Z", "Saldo": "-74,50", "Valor": "-75,10", "amount": -75.1, "vendor": "No Debito: \"no Estabeleci", "Descrição": "Compra no debito: \"No estabelecimento PAO DA HORA SAPUCAIA DO S BRA\"", "description": "Compra no debito: \"No estabelecimento PAO DA HORA SAPUCAIA DO S BRA\"", "categorySlug": "fornecedores", "Data Lançamento": "06/03/2026"}', '2026-03-12 04:19:46.75');
INSERT INTO public."Transaction" (id, "organizationId", "uploadId", date, description, amount, "categorySlug", vendor, "isRecurring", "recurrenceType", tags, "rawData", "createdAt") VALUES ('cmmmylhhd001tx2i0vv7rbe8m', 'cmmktxl4b0001vwi0k66j58j6', 'cmmmylhfn0000x2i08zeimw3n', '2026-06-03 03:00:00', 'Compra no debito: "No estabelecimento X FIT MAIS ACADEMIA SAPUCAIA DO S BRA"', -249.80, 'fornecedores', 'No Debito: "no Estabeleci', false, NULL, NULL, '{"id": "t_63", "date": "2026-06-03T03:00:00.000Z", "Saldo": "-324,30", "Valor": "-249,80", "amount": -249.8, "vendor": "No Debito: \"no Estabeleci", "Descrição": "Compra no debito: \"No estabelecimento X FIT MAIS ACADEMIA SAPUCAIA DO S BRA\"", "description": "Compra no debito: \"No estabelecimento X FIT MAIS ACADEMIA SAPUCAIA DO S BRA\"", "categorySlug": "fornecedores", "Data Lançamento": "06/03/2026"}', '2026-03-12 04:19:46.75');
INSERT INTO public."Transaction" (id, "organizationId", "uploadId", date, description, amount, "categorySlug", vendor, "isRecurring", "recurrenceType", tags, "rawData", "createdAt") VALUES ('cmmmylhhd001ux2i0q1i7mawg', 'cmmktxl4b0001vwi0k66j58j6', 'cmmmylhfn0000x2i08zeimw3n', '2026-06-03 03:00:00', 'Pix enviado: "Cp :49931906-SUPREMA BET LTDA"', -7.57, 'financeiro', 'Enviado: "cp :49931906-suprema Bet', false, NULL, NULL, '{"id": "t_64", "date": "2026-06-03T03:00:00.000Z", "Saldo": "-331,87", "Valor": "-7,57", "amount": -7.57, "vendor": "Enviado: \"cp :49931906-suprema Bet", "Descrição": "Pix enviado: \"Cp :49931906-SUPREMA BET LTDA\"", "description": "Pix enviado: \"Cp :49931906-SUPREMA BET LTDA\"", "categorySlug": "financeiro", "Data Lançamento": "06/03/2026"}', '2026-03-12 04:19:46.75');
INSERT INTO public."Transaction" (id, "organizationId", "uploadId", date, description, amount, "categorySlug", vendor, "isRecurring", "recurrenceType", tags, "rawData", "createdAt") VALUES ('cmmmylhhd001vx2i0sgneha6i', 'cmmktxl4b0001vwi0k66j58j6', 'cmmmylhfn0000x2i08zeimw3n', '2026-06-03 03:00:00', 'Pix enviado: "Cp :18236120-Ana Paula da Silva"', -33.00, 'financeiro', 'Enviado: "cp :18236120-ana Paula Da Silva"', false, NULL, NULL, '{"id": "t_65", "date": "2026-06-03T03:00:00.000Z", "Saldo": "-364,87", "Valor": "-33,00", "amount": -33, "vendor": "Enviado: \"cp :18236120-ana Paula Da Silva\"", "Descrição": "Pix enviado: \"Cp :18236120-Ana Paula da Silva\"", "description": "Pix enviado: \"Cp :18236120-Ana Paula da Silva\"", "categorySlug": "financeiro", "Data Lançamento": "06/03/2026"}', '2026-03-12 04:19:46.75');
INSERT INTO public."Transaction" (id, "organizationId", "uploadId", date, description, amount, "categorySlug", vendor, "isRecurring", "recurrenceType", tags, "rawData", "createdAt") VALUES ('cmmmylhhd001wx2i0w9lccrnj', 'cmmktxl4b0001vwi0k66j58j6', 'cmmmylhfn0000x2i08zeimw3n', '2026-06-03 03:00:00', 'Pix enviado: "Cp :18236120-40123847 Simone das Gracas da Silva"', -182.00, 'financeiro', 'Enviado: "cp :18236120-40123847 Simone Das Gracas ', false, NULL, NULL, '{"id": "t_66", "date": "2026-06-03T03:00:00.000Z", "Saldo": "-546,87", "Valor": "-182,00", "amount": -182, "vendor": "Enviado: \"cp :18236120-40123847 Simone Das Gracas ", "Descrição": "Pix enviado: \"Cp :18236120-40123847 Simone das Gracas da Silva\"", "description": "Pix enviado: \"Cp :18236120-40123847 Simone das Gracas da Silva\"", "categorySlug": "financeiro", "Data Lançamento": "06/03/2026"}', '2026-03-12 04:19:46.75');
INSERT INTO public."Transaction" (id, "organizationId", "uploadId", date, description, amount, "categorySlug", vendor, "isRecurring", "recurrenceType", tags, "rawData", "createdAt") VALUES ('cmmmylhhd001xx2i0uul12fh1', 'cmmktxl4b0001vwi0k66j58j6', 'cmmmylhfn0000x2i08zeimw3n', '2026-06-03 03:00:00', 'Pagamento efetuado: "DSP RS TELECOMUNICACOES LTDA"', -133.22, 'outros', 'Efetuado: "dsp Rs Telecomunicacoes', false, NULL, NULL, '{"id": "t_67", "date": "2026-06-03T03:00:00.000Z", "Saldo": "-680,09", "Valor": "-133,22", "amount": -133.22, "vendor": "Efetuado: \"dsp Rs Telecomunicacoes", "Descrição": "Pagamento efetuado: \"DSP RS TELECOMUNICACOES LTDA\"", "description": "Pagamento efetuado: \"DSP RS TELECOMUNICACOES LTDA\"", "categorySlug": "outros", "Data Lançamento": "06/03/2026"}', '2026-03-12 04:19:46.75');
INSERT INTO public."Transaction" (id, "organizationId", "uploadId", date, description, amount, "categorySlug", vendor, "isRecurring", "recurrenceType", tags, "rawData", "createdAt") VALUES ('cmmmylhhd001yx2i08h1aht2x', 'cmmktxl4b0001vwi0k66j58j6', 'cmmmylhfn0000x2i08zeimw3n', '2026-06-03 03:00:00', 'Pix enviado: "Cp :90400888-CORSAN EST UNIF"', -72.44, 'financeiro', 'Enviado: "cp :90400888-cor', false, NULL, NULL, '{"id": "t_68", "date": "2026-06-03T03:00:00.000Z", "Saldo": "-752,53", "Valor": "-72,44", "amount": -72.44, "vendor": "Enviado: \"cp :90400888-cor", "Descrição": "Pix enviado: \"Cp :90400888-CORSAN EST UNIF\"", "description": "Pix enviado: \"Cp :90400888-CORSAN EST UNIF\"", "categorySlug": "financeiro", "Data Lançamento": "06/03/2026"}', '2026-03-12 04:19:46.75');
INSERT INTO public."Transaction" (id, "organizationId", "uploadId", date, description, amount, "categorySlug", vendor, "isRecurring", "recurrenceType", tags, "rawData", "createdAt") VALUES ('cmmmylhhd001zx2i0gjlxobjh', 'cmmktxl4b0001vwi0k66j58j6', 'cmmmylhfn0000x2i08zeimw3n', '2026-06-03 03:00:00', 'Pix enviado: "Cp :90400888-RGE"', -142.37, 'financeiro', 'Enviado: "cp :90400888-rge"', false, NULL, NULL, '{"id": "t_69", "date": "2026-06-03T03:00:00.000Z", "Saldo": "-894,90", "Valor": "-142,37", "amount": -142.37, "vendor": "Enviado: \"cp :90400888-rge\"", "Descrição": "Pix enviado: \"Cp :90400888-RGE\"", "description": "Pix enviado: \"Cp :90400888-RGE\"", "categorySlug": "financeiro", "Data Lançamento": "06/03/2026"}', '2026-03-12 04:19:46.75');
INSERT INTO public."Transaction" (id, "organizationId", "uploadId", date, description, amount, "categorySlug", vendor, "isRecurring", "recurrenceType", tags, "rawData", "createdAt") VALUES ('cmmmylhhd0020x2i0l4jxe0jm', 'cmmktxl4b0001vwi0k66j58j6', 'cmmmylhfn0000x2i08zeimw3n', '2026-06-03 03:00:00', 'Pix recebido: "Cp :60701190-GABRIEL DA SILVA KOLBER"', 1000.00, 'financeiro', 'Recebido: "cp :60701190-gabriel Da Silva Kolber"', false, NULL, NULL, '{"id": "t_70", "date": "2026-06-03T03:00:00.000Z", "Saldo": "105,10", "Valor": "1.000,00", "amount": 1000, "vendor": "Recebido: \"cp :60701190-gabriel Da Silva Kolber\"", "Descrição": "Pix recebido: \"Cp :60701190-GABRIEL DA SILVA KOLBER\"", "description": "Pix recebido: \"Cp :60701190-GABRIEL DA SILVA KOLBER\"", "categorySlug": "financeiro", "Data Lançamento": "06/03/2026"}', '2026-03-12 04:19:46.75');
INSERT INTO public."Transaction" (id, "organizationId", "uploadId", date, description, amount, "categorySlug", vendor, "isRecurring", "recurrenceType", tags, "rawData", "createdAt") VALUES ('cmmmylhhd0021x2i0bjwqh3fh', 'cmmktxl4b0001vwi0k66j58j6', 'cmmmylhfn0000x2i08zeimw3n', '2026-07-03 03:00:00', 'Pix enviado: "Cp :26264220-NSX BRASIL SA"', -2.76, 'financeiro', 'Enviado: "cp :26264220-nsx Brasil', false, NULL, NULL, '{"id": "t_71", "date": "2026-07-03T03:00:00.000Z", "Saldo": "102,34", "Valor": "-2,76", "amount": -2.76, "vendor": "Enviado: \"cp :26264220-nsx Brasil", "Descrição": "Pix enviado: \"Cp :26264220-NSX BRASIL SA\"", "description": "Pix enviado: \"Cp :26264220-NSX BRASIL SA\"", "categorySlug": "financeiro", "Data Lançamento": "07/03/2026"}', '2026-03-12 04:19:46.75');
INSERT INTO public."Transaction" (id, "organizationId", "uploadId", date, description, amount, "categorySlug", vendor, "isRecurring", "recurrenceType", tags, "rawData", "createdAt") VALUES ('cmmmylhhd0022x2i052we6wun', 'cmmktxl4b0001vwi0k66j58j6', 'cmmmylhfn0000x2i08zeimw3n', '2026-07-03 03:00:00', 'Compra no debito: "No estabelecimento JcAlimentos SAPUCAIA DO S BRA"', -5.00, 'fornecedores', 'No Debito: "no Estabeleci', false, NULL, NULL, '{"id": "t_72", "date": "2026-07-03T03:00:00.000Z", "Saldo": "97,34", "Valor": "-5,00", "amount": -5, "vendor": "No Debito: \"no Estabeleci", "Descrição": "Compra no debito: \"No estabelecimento JcAlimentos SAPUCAIA DO S BRA\"", "description": "Compra no debito: \"No estabelecimento JcAlimentos SAPUCAIA DO S BRA\"", "categorySlug": "fornecedores", "Data Lançamento": "07/03/2026"}', '2026-03-12 04:19:46.75');
INSERT INTO public."Transaction" (id, "organizationId", "uploadId", date, description, amount, "categorySlug", vendor, "isRecurring", "recurrenceType", tags, "rawData", "createdAt") VALUES ('cmmmylhhd0023x2i0e6mxl5st', 'cmmktxl4b0001vwi0k66j58j6', 'cmmmylhfn0000x2i08zeimw3n', '2026-07-03 03:00:00', 'Pix recebido: "Cp :30306294-NSX Brasil S.A."', 0.33, 'financeiro', 'Recebido: "cp :30306294-nsx Brasil', false, NULL, NULL, '{"id": "t_73", "date": "2026-07-03T03:00:00.000Z", "Saldo": "97,67", "Valor": "0,33", "amount": 0.33, "vendor": "Recebido: \"cp :30306294-nsx Brasil", "Descrição": "Pix recebido: \"Cp :30306294-NSX Brasil S.A.\"", "description": "Pix recebido: \"Cp :30306294-NSX Brasil S.A.\"", "categorySlug": "financeiro", "Data Lançamento": "07/03/2026"}', '2026-03-12 04:19:46.75');
INSERT INTO public."Transaction" (id, "organizationId", "uploadId", date, description, amount, "categorySlug", vendor, "isRecurring", "recurrenceType", tags, "rawData", "createdAt") VALUES ('cmmmylhhd0024x2i026iafsnl', 'cmmktxl4b0001vwi0k66j58j6', 'cmmmylhfn0000x2i08zeimw3n', '2026-07-03 03:00:00', 'Pix enviado: "Cp :16501555-Pet Fort Comercio de Produtos Para Animais LTDA"', -104.99, 'fornecedores', 'Enviado: "cp :16501555-pet Fort Co', false, NULL, NULL, '{"id": "t_74", "date": "2026-07-03T03:00:00.000Z", "Saldo": "-7,32", "Valor": "-104,99", "amount": -104.99, "vendor": "Enviado: \"cp :16501555-pet Fort Co", "Descrição": "Pix enviado: \"Cp :16501555-Pet Fort Comercio de Produtos Para Animais LTDA\"", "description": "Pix enviado: \"Cp :16501555-Pet Fort Comercio de Produtos Para Animais LTDA\"", "categorySlug": "fornecedores", "Data Lançamento": "07/03/2026"}', '2026-03-12 04:19:46.75');
INSERT INTO public."Transaction" (id, "organizationId", "uploadId", date, description, amount, "categorySlug", vendor, "isRecurring", "recurrenceType", tags, "rawData", "createdAt") VALUES ('cmmmylhhd0025x2i095jqss0n', 'cmmktxl4b0001vwi0k66j58j6', 'cmmmylhfn0000x2i08zeimw3n', '2026-07-03 03:00:00', 'Pix recebido: "Cp :18236120-Ana Paula da Silva"', 12.42, 'financeiro', 'Recebido: "cp :18236120-ana Paula Da Silva"', false, NULL, NULL, '{"id": "t_75", "date": "2026-07-03T03:00:00.000Z", "Saldo": "5,10", "Valor": "12,42", "amount": 12.42, "vendor": "Recebido: \"cp :18236120-ana Paula Da Silva\"", "Descrição": "Pix recebido: \"Cp :18236120-Ana Paula da Silva\"", "description": "Pix recebido: \"Cp :18236120-Ana Paula da Silva\"", "categorySlug": "financeiro", "Data Lançamento": "07/03/2026"}', '2026-03-12 04:19:46.75');
INSERT INTO public."Transaction" (id, "organizationId", "uploadId", date, description, amount, "categorySlug", vendor, "isRecurring", "recurrenceType", tags, "rawData", "createdAt") VALUES ('cmmmylhhe0026x2i0jnhnza8s', 'cmmktxl4b0001vwi0k66j58j6', 'cmmmylhfn0000x2i08zeimw3n', '2026-07-03 03:00:00', 'Pix enviado: "Cp :49931906-SUPREMA BET LTDA"', -5.10, 'financeiro', 'Enviado: "cp :49931906-suprema Bet', false, NULL, NULL, '{"id": "t_76", "date": "2026-07-03T03:00:00.000Z", "Saldo": "0,00", "Valor": "-5,10", "amount": -5.1, "vendor": "Enviado: \"cp :49931906-suprema Bet", "Descrição": "Pix enviado: \"Cp :49931906-SUPREMA BET LTDA\"", "description": "Pix enviado: \"Cp :49931906-SUPREMA BET LTDA\"", "categorySlug": "financeiro", "Data Lançamento": "07/03/2026"}', '2026-03-12 04:19:46.75');
INSERT INTO public."Transaction" (id, "organizationId", "uploadId", date, description, amount, "categorySlug", vendor, "isRecurring", "recurrenceType", tags, "rawData", "createdAt") VALUES ('cmmmylhhe0027x2i0ue49xhfk', 'cmmktxl4b0001vwi0k66j58j6', 'cmmmylhfn0000x2i08zeimw3n', '2026-08-03 03:00:00', 'Pix enviado: "Cp :18236120-40123847 Simone das Gracas da Silva"', -42.00, 'financeiro', 'Enviado: "cp :18236120-40123847 Simone Das Gracas ', false, NULL, NULL, '{"id": "t_77", "date": "2026-08-03T03:00:00.000Z", "Saldo": "-42,00", "Valor": "-42,00", "amount": -42, "vendor": "Enviado: \"cp :18236120-40123847 Simone Das Gracas ", "Descrição": "Pix enviado: \"Cp :18236120-40123847 Simone das Gracas da Silva\"", "description": "Pix enviado: \"Cp :18236120-40123847 Simone das Gracas da Silva\"", "categorySlug": "financeiro", "Data Lançamento": "08/03/2026"}', '2026-03-12 04:19:46.75');
INSERT INTO public."Transaction" (id, "organizationId", "uploadId", date, description, amount, "categorySlug", vendor, "isRecurring", "recurrenceType", tags, "rawData", "createdAt") VALUES ('cmmmylhhe0028x2i04cms89np', 'cmmktxl4b0001vwi0k66j58j6', 'cmmmylhfn0000x2i08zeimw3n', '2026-08-03 03:00:00', 'Pix recebido: "Cp :90400888-MARCIA DA SILVA XAVIER CARDOSO"', 42.00, 'financeiro', 'Recebido: "cp :90400888-marcia Da Silva Xavier Car', true, 'monthly', NULL, '{"id": "t_78", "date": "2026-08-03T03:00:00.000Z", "Saldo": "0,00", "Valor": "42,00", "amount": 42, "vendor": "Recebido: \"cp :90400888-marcia Da Silva Xavier Car", "Descrição": "Pix recebido: \"Cp :90400888-MARCIA DA SILVA XAVIER CARDOSO\"", "description": "Pix recebido: \"Cp :90400888-MARCIA DA SILVA XAVIER CARDOSO\"", "categorySlug": "financeiro", "Data Lançamento": "08/03/2026"}', '2026-03-12 04:19:46.75');
